id,order_id,product_id,quantity,unit_price
ORD_20250927_0001_00,ORD_20250927_0001,B0052DMIUK,2,69
ORD_20250927_0001_01,ORD_20250927_0001,B0C816BRGN,2,10
ORD_20250927_0001_02,ORD_20250927_0001,B076JHVLD1,1,100
ORD_20250927_0001_03,ORD_20250927_0001,B002BCMK80,2,129
ORD_20251107_0002_00,ORD_20251107_0002,B07XT6HTLR,1,12
ORD_20251107_0002_01,ORD_20251107_0002,B07SJLP93Q,3,20
ORD_20251107_0002_02,ORD_20251107_0002,B07L9VGKTM,3,14
ORD_20251107_0003_00,ORD_20251107_0003,B0BWF2GFZB,3,13
ORD_20251107_0003_01,ORD_20251107_0003,B09H1BW7X4,1,10
ORD_20251106_0004_00,ORD_20251106_0004,B002FPIWWG,1,150
ORD_20251106_0004_01,ORD_20251106_0004,B0CG68DXJZ,1,114
ORD_20251106_0004_02,ORD_20251106_0004,B01AGXQUDG,3,109
ORD_20251120_0005_00,ORD_20251120_0005,B01MU6WE11,1,8
ORD_20251120_0005_01,ORD_20251120_0005,B0C9WYG2F1,1,21
ORD_20251120_0005_02,ORD_20251120_0005,B01MTVUQ8I,1,12
ORD_20251120_0005_03,ORD_20251120_0005,B0BR5YKW6S,3,20
ORD_20251221_0006_00,ORD_20251221_0006,B0CH7SNGW1,2,490
ORD_20250927_0007_00,ORD_20250927_0007,B0BS8F7529,3,20
ORD_20251031_0008_00,ORD_20251031_0008,B07LBRJWV8,2,20
ORD_20251205_0009_00,ORD_20251205_0009,B00BAPINUI,3,12
ORD_20251205_0009_01,ORD_20251205_0009,B07WZVGST1,1,55
ORD_20251205_0009_02,ORD_20251205_0009,B07YSY7CNL,2,825
ORD_20251027_0010_00,ORD_20251027_0010,B07T6F6ZT8,3,9
ORD_20251027_0010_01,ORD_20251027_0010,B07C53XZ2K,2,146
ORD_20251207_0011_00,ORD_20251207_0011,B086SZW19Y,2,26
ORD_20251207_0011_01,ORD_20251207_0011,B01MQ5Z4X5,1,60
ORD_20251207_0011_02,ORD_20251207_0011,B09P3QCTT7,1,28
ORD_20251207_0011_03,ORD_20251207_0011,B00MJ1YR8Y,3,225
ORD_20251125_0012_00,ORD_20251125_0012,B0B3XL46TC,1,150
ORD_20251125_0012_01,ORD_20251125_0012,B09V1N4GG9,1,12
ORD_20251125_0012_02,ORD_20251125_0012,B01JO2UK3Q,3,18
ORD_20251221_0013_00,ORD_20251221_0013,B07KFZ63GY,1,20
ORD_20251221_0013_01,ORD_20251221_0013,B07GC8S94L,2,119
ORD_20251214_0014_00,ORD_20251214_0014,B073P274Q8,2,50
ORD_20251214_0014_01,ORD_20251214_0014,B08RD859FZ,3,56
ORD_20251214_0014_02,ORD_20251214_0014,B07VNVL4YC,1,23
ORD_20251214_0014_03,ORD_20251214_0014,B00ZEFSC0Q,1,25
ORD_20251214_0014_04,ORD_20251214_0014,B01M3TZ47H,2,13
ORD_20251027_0015_00,ORD_20251027_0015,B089B5MML9,3,9
ORD_20251002_0016_00,ORD_20251002_0016,B000KL35U6,3,16
ORD_20251002_0016_01,ORD_20251002_0016,B0829BBFXZ,3,16
ORD_20251002_0016_02,ORD_20251002_0016,B0BPDDJR8B,2,7
ORD_20251026_0017_00,ORD_20251026_0017,B084YWJRNQ,3,80
ORD_20251026_0017_01,ORD_20251026_0017,B00GRCK4LU,1,17
ORD_20251026_0017_02,ORD_20251026_0017,B0BLTWRFC4,2,6
ORD_20250926_0018_00,ORD_20250926_0018,B00865K63W,1,11
ORD_20251012_0019_00,ORD_20251012_0019,B08WJL78ML,3,130
ORD_20251012_0019_01,ORD_20251012_0019,B0BSTHNRYW,1,11
ORD_20251012_0019_02,ORD_20251012_0019,B01MSELT7M,2,70
ORD_20251012_0019_03,ORD_20251012_0019,B00JOCK366,3,49
ORD_20251012_0019_04,ORD_20251012_0019,B008NOEW04,2,43
ORD_20251203_0020_00,ORD_20251203_0020,B07N8SCGVT,3,58
ORD_20251029_0021_00,ORD_20251029_0021,B002R0DY18,3,78
ORD_20251029_0021_01,ORD_20251029_0021,B07F56VKZT,2,14
ORD_20251029_0021_02,ORD_20251029_0021,B07MH3X7ZD,2,11
ORD_20251029_0021_03,ORD_20251029_0021,B071VCG7QZ,2,299
ORD_20251029_0021_04,ORD_20251029_0021,B00CMCOAZK,1,20
ORD_20251204_0022_00,ORD_20251204_0022,B07CNBW2K8,2,13
ORD_20251113_0023_00,ORD_20251113_0023,B0B8BXQ1CM,3,10
ORD_20251113_0023_01,ORD_20251113_0023,B09X1H6L6N,1,30
ORD_20251113_0023_02,ORD_20251113_0023,B08NWDCXBN,2,40
ORD_20251113_0023_03,ORD_20251113_0023,B012H2GWPA,2,15
ORD_20251113_0023_04,ORD_20251113_0023,B08SDX2F6D,3,190
ORD_20251118_0024_00,ORD_20251118_0024,B00EH2C14K,3,17
ORD_20251118_0024_01,ORD_20251118_0024,B01LZTX4RV,3,43
ORD_20251118_0024_02,ORD_20251118_0024,B089554X66,3,94
ORD_20251118_0024_03,ORD_20251118_0024,B098W98JZC,2,10
ORD_20251118_0024_04,ORD_20251118_0024,B01MYY2XOS,3,11
ORD_20251215_0025_00,ORD_20251215_0025,B07P7MR3BR,2,10
ORD_20251215_0025_01,ORD_20251215_0025,B00871SR68,2,50
ORD_20251215_0025_02,ORD_20251215_0025,B06Y6JBP33,1,18
ORD_20251104_0026_00,ORD_20251104_0026,B0B6QX91LL,1,6
ORD_20251104_0026_01,ORD_20251104_0026,B01B6TDUHS,2,9
ORD_20251104_0026_02,ORD_20251104_0026,B00ENC80MG,1,19
ORD_20251104_0026_03,ORD_20251104_0026,B0056A38YY,2,22
ORD_20251104_0026_04,ORD_20251104_0026,B01CMWV3H2,3,28
ORD_20251208_0027_00,ORD_20251208_0027,B086LHVF3M,1,12
ORD_20251208_0027_01,ORD_20251208_0027,B009P7JDTS,2,65
ORD_20251208_0027_02,ORD_20251208_0027,B0B8HK6MSZ,1,82
ORD_20251212_0028_00,ORD_20251212_0028,B01K4EJI0Y,1,18
ORD_20251212_0028_01,ORD_20251212_0028,B019W178RU,1,7
ORD_20251212_0028_02,ORD_20251212_0028,B0817XHR3H,3,10
ORD_20251108_0029_00,ORD_20251108_0029,B0B52FWTXN,1,13
ORD_20251108_0029_01,ORD_20251108_0029,B0BFVYMP3V,2,25
ORD_20250930_0030_00,ORD_20250930_0030,B0845ZTKYB,1,456
ORD_20250930_0030_01,ORD_20250930_0030,B01KLVQPX8,2,10
ORD_20250930_0030_02,ORD_20250930_0030,B000K008HA,1,40
ORD_20250930_0030_03,ORD_20250930_0030,B07DZDF9GN,2,26
ORD_20251215_0031_00,ORD_20251215_0031,B0B3PD3TCW,2,30
ORD_20251213_0032_00,ORD_20251213_0032,B08FXJXWL2,2,24
ORD_20251213_0032_01,ORD_20251213_0032,B09F2FW1ZG,3,799
ORD_20251213_0032_02,ORD_20251213_0032,B00HOEK5VO,2,56
ORD_20251213_0032_03,ORD_20251213_0032,B003TQ0OFS,3,66
ORD_20251213_0032_04,ORD_20251213_0032,B00AVCHV54,1,80
ORD_20251212_0033_00,ORD_20251212_0033,B01K0L40UE,3,27
ORD_20251202_0034_00,ORD_20251202_0034,B083X1W5G4,3,18
ORD_20251202_0034_01,ORD_20251202_0034,B07SSGLH9H,3,7
ORD_20251202_0034_02,ORD_20251202_0034,B01C88D8T6,1,12
ORD_20250927_0035_00,ORD_20250927_0035,B08NX7XMVW,3,50
ORD_20250927_0035_01,ORD_20250927_0035,B09MJ9XGNZ,3,18
ORD_20250927_0035_02,ORD_20250927_0035,B08MQ8CQ23,1,129
ORD_20251212_0036_00,ORD_20251212_0036,B099KJMN43,3,15
ORD_20251212_0036_01,ORD_20251212_0036,B08PYYPTW8,2,14
ORD_20251212_0036_02,ORD_20251212_0036,B00I52RTOA,1,327
ORD_20251212_0036_03,ORD_20251212_0036,B00A3IZAKO,2,62
ORD_20251021_0037_00,ORD_20251021_0037,B07QL9PFRQ,2,8
ORD_20251021_0037_01,ORD_20251021_0037,B0BGP7ZWMK,1,15
ORD_20251104_0038_00,ORD_20251104_0038,B0B6NTGJGX,1,90
ORD_20251104_0038_01,ORD_20251104_0038,B09RVPBP1Z,2,899
ORD_20251116_0039_00,ORD_20251116_0039,B01H2FKH94,2,918
ORD_20251116_0039_01,ORD_20251116_0039,B07L91WL8F,1,29
ORD_20251116_0040_00,ORD_20251116_0040,B08VDFBZ66,1,8
ORD_20251116_0040_01,ORD_20251116_0040,B00L4L2ESA,3,31
ORD_20251116_0040_02,ORD_20251116_0040,B00MFS2HEC,2,15
ORD_20251116_0040_03,ORD_20251116_0040,B08L9S1PKR,2,40
ORD_20251116_0040_04,ORD_20251116_0040,B00PI18QSE,3,30
ORD_20251202_0041_00,ORD_20251202_0041,B004Q5SDOK,2,50
ORD_20251202_0041_01,ORD_20251202_0041,B071VRMFDQ,1,150
ORD_20251202_0041_02,ORD_20251202_0041,B01FQE50LI,2,6
ORD_20251202_0041_03,ORD_20251202_0041,B00M7W6Q7K,1,23
ORD_20251202_0041_04,ORD_20251202_0041,B019VVHWHM,2,13
ORD_20251124_0042_00,ORD_20251124_0042,B00O26M1PK,1,8
ORD_20251205_0043_00,ORD_20251205_0043,B08ND8697J,1,30
ORD_20251205_0043_01,ORD_20251205_0043,B07VC4L5N8,1,8
ORD_20251205_0043_02,ORD_20251205_0043,B07PTBS9V8,3,45
ORD_20251205_0043_03,ORD_20251205_0043,B0BRSCDLF4,3,29
ORD_20251207_0044_00,ORD_20251207_0044,B09KPRDH8Q,3,9
ORD_20251207_0044_01,ORD_20251207_0044,B07VKM5R3G,3,12
ORD_20251207_0044_02,ORD_20251207_0044,B08MBG845D,1,70
ORD_20251207_0044_03,ORD_20251207_0044,B084X4P3D3,3,80
ORD_20251005_0045_00,ORD_20251005_0045,0972683275,3,35
ORD_20251005_0045_01,ORD_20251005_0045,B077L5N65P,3,50
ORD_20251005_0045_02,ORD_20251005_0045,B097S72WS8,3,12
ORD_20251005_0045_03,ORD_20251005_0045,B01KQOOUC8,3,7
ORD_20251005_0045_04,ORD_20251005_0045,B074QVVR8L,3,135
ORD_20251103_0046_00,ORD_20251103_0046,B09BMWD3LZ,2,10
ORD_20251103_0046_01,ORD_20251103_0046,B00OZMWO6C,1,25
ORD_20251103_0046_02,ORD_20251103_0046,B089K6YG5Y,3,15
ORD_20251107_0047_00,ORD_20251107_0047,B00FN9EXNS,3,52
ORD_20251107_0047_01,ORD_20251107_0047,B09LH796MG,1,99
ORD_20251127_0048_00,ORD_20251127_0048,B09WHLTBRH,2,6
ORD_20251127_0048_01,ORD_20251127_0048,B07QMN94Z3,3,10
ORD_20251001_0049_00,ORD_20251001_0049,B07KVGMG8H,1,19
ORD_20251001_0049_01,ORD_20251001_0049,B00MFE2V88,2,12
ORD_20251001_0049_02,ORD_20251001_0049,B07YF4MF89,2,245
ORD_20251129_0050_00,ORD_20251129_0050,B094FBBJ7B,1,17
ORD_20251129_0050_01,ORD_20251129_0050,B01M596VOC,2,18
ORD_20251129_0050_02,ORD_20251129_0050,B0085MQNX8,3,89
ORD_20251111_0051_00,ORD_20251111_0051,B005LAZTT6,2,46
ORD_20251111_0051_01,ORD_20251111_0051,B00OS7SQOS,1,11
ORD_20251111_0051_02,ORD_20251111_0051,B0BDZ5XM69,3,6
ORD_20251111_0051_03,ORD_20251111_0051,B0CG3JRWPK,2,99
ORD_20251002_0052_00,ORD_20251002_0052,B07PVRS5V1,1,8
ORD_20251002_0052_01,ORD_20251002_0052,B06Y14N297,1,15
ORD_20251002_0052_02,ORD_20251002_0052,B08L34BQVM,1,16
ORD_20251002_0052_03,ORD_20251002_0052,B07TYQJSD5,3,54
ORD_20251002_0052_04,ORD_20251002_0052,B0B24NFC9K,2,10
ORD_20251203_0053_00,ORD_20251203_0053,B01D72OMUQ,3,6
ORD_20251203_0053_01,ORD_20251203_0053,B07Q48CCNB,2,15
ORD_20251203_0053_02,ORD_20251203_0053,B00D97G2CG,2,38
ORD_20251219_0054_00,ORD_20251219_0054,B09GLRJL1D,1,80
ORD_20251219_0054_01,ORD_20251219_0054,B0BKGMNF1X,3,750
ORD_20251219_0054_02,ORD_20251219_0054,B00009R873,2,36
ORD_20251219_0054_03,ORD_20251219_0054,B093PHNZZ4,3,10
ORD_20251219_0054_04,ORD_20251219_0054,B0CFFMD5H8,2,929
ORD_20251130_0055_00,ORD_20251130_0055,B01M0G47G3,3,10
ORD_20251115_0056_00,ORD_20251115_0056,B00BUYLJ78,1,133
ORD_20251115_0056_01,ORD_20251115_0056,B00YIRY64W,1,58
ORD_20251013_0057_00,ORD_20251013_0057,B000083CTX,3,29
ORD_20251013_0057_01,ORD_20251013_0057,B092QG4WHC,3,11
ORD_20251013_0057_02,ORD_20251013_0057,B09TT75HJK,2,15
ORD_20251013_0057_03,ORD_20251013_0057,B072K28PPR,3,12
ORD_20251013_0057_04,ORD_20251013_0057,B07XZV1ZYQ,2,599
ORD_20251001_0058_00,ORD_20251001_0058,B09PYV9JF2,2,13
ORD_20251001_0058_01,ORD_20251001_0058,B00WVP29SI,3,15
ORD_20251001_0058_02,ORD_20251001_0058,B00FGF083S,1,123
ORD_20251001_0058_03,ORD_20251001_0058,B0B697NG6X,1,20
ORD_20251124_0059_00,ORD_20251124_0059,B00009V3V8,1,43
ORD_20251124_0059_01,ORD_20251124_0059,B075XRVGPP,3,8
ORD_20251124_0059_02,ORD_20251124_0059,B09KT83FHQ,2,9
ORD_20251124_0059_03,ORD_20251124_0059,B09R7YJSTT,3,6
ORD_20251124_0059_04,ORD_20251124_0059,B00MQ5Y1XY,3,36
ORD_20251203_0060_00,ORD_20251203_0060,B00AMOKORS,3,24
ORD_20251203_0060_01,ORD_20251203_0060,B07BHMRVR2,3,19
ORD_20251203_0060_02,ORD_20251203_0060,B096TDRN4B,2,17
ORD_20251203_0060_03,ORD_20251203_0060,B001NIKA08,3,104
ORD_20251203_0060_04,ORD_20251203_0060,B09W67MV91,1,159
ORD_20251014_0061_00,ORD_20251014_0061,B083C3PTLM,2,120
ORD_20251014_0061_01,ORD_20251014_0061,B00I2TFUQU,2,11
ORD_20251014_0061_02,ORD_20251014_0061,B00MY9EVHI,1,25
ORD_20251024_0062_00,ORD_20251024_0062,B00M4ABGBG,1,7
ORD_20251024_0062_01,ORD_20251024_0062,B0813W6WLT,2,7
ORD_20251024_0062_02,ORD_20251024_0062,B015EPF5NC,3,60
ORD_20251024_0062_03,ORD_20251024_0062,B0BHS1N9VN,3,11
ORD_20251024_0062_04,ORD_20251024_0062,B076Z7B97H,1,16
ORD_20251026_0063_00,ORD_20251026_0063,B08NVDS9TW,2,29
ORD_20251111_0064_00,ORD_20251111_0064,B07V37TY91,3,43
ORD_20251111_0064_01,ORD_20251111_0064,B0B24YPKM8,2,9
ORD_20251111_0064_02,ORD_20251111_0064,B09PFZ1911,2,6
ORD_20251019_0065_00,ORD_20251019_0065,B0CB85G685,1,46
ORD_20251019_0065_01,ORD_20251019_0065,B09YP5YC3K,2,40
ORD_20251221_0066_00,ORD_20251221_0066,B08NC352D9,2,18
ORD_20251221_0066_01,ORD_20251221_0066,B07PPBSH7S,2,50
ORD_20251128_0067_00,ORD_20251128_0067,B07TS5HW7L,3,12
ORD_20251128_0067_01,ORD_20251128_0067,B097D3TY6X,2,13
ORD_20251128_0067_02,ORD_20251128_0067,B0C6JTGPJN,3,100
ORD_20251109_0068_00,ORD_20251109_0068,B08B9BSBFW,3,20
ORD_20251109_0068_01,ORD_20251109_0068,B06XTP6SJ6,1,8
ORD_20251017_0069_00,ORD_20251017_0069,B0BS4H48SX,3,799
ORD_20251017_0069_01,ORD_20251017_0069,B00CWLSFYS,3,98
ORD_20251017_0069_02,ORD_20251017_0069,B07HDHKVP5,2,9
ORD_20251017_0069_03,ORD_20251017_0069,B003ZXPPBI,3,80
ORD_20251017_0069_04,ORD_20251017_0069,B013XR8R56,2,82
ORD_20251220_0070_00,ORD_20251220_0070,B0BRBR9N7G,3,35
ORD_20251119_0071_00,ORD_20251119_0071,B0987ZJ3KB,1,20
ORD_20251119_0071_01,ORD_20251119_0071,B0BNDQ46R9,3,11
ORD_20251119_0071_02,ORD_20251119_0071,B0BF8Y7C9S,1,10
ORD_20251119_0071_03,ORD_20251119_0071,B0BJ2K1VXV,1,150
ORD_20251119_0071_04,ORD_20251119_0071,B0CGV9LQB8,3,100
ORD_20251030_0072_00,ORD_20251030_0072,B08LVKJGC9,3,8
ORD_20251030_0072_01,ORD_20251030_0072,B0BSRHTLD1,2,42
ORD_20251111_0073_00,ORD_20251111_0073,B00N3ZPFZE,3,8
ORD_20251111_0073_01,ORD_20251111_0073,B005BYS7ZK,2,295
ORD_20251111_0073_02,ORD_20251111_0073,B002RX2KLK,3,106
ORD_20251111_0073_03,ORD_20251111_0073,B0044AU94Y,2,16
ORD_20251117_0074_00,ORD_20251117_0074,B07H88F7LG,2,30
ORD_20251117_0074_01,ORD_20251117_0074,B07Z6QKZ66,2,30
ORD_20251117_0074_02,ORD_20251117_0074,B00EDOKK9K,2,13
ORD_20251014_0075_00,ORD_20251014_0075,B09LQD4S4L,2,14
ORD_20251014_0075_01,ORD_20251014_0075,B073GLWX2P,3,33
ORD_20251014_0075_02,ORD_20251014_0075,B0948ST68M,1,25
ORD_20251014_0075_03,ORD_20251014_0075,B00NXH2UE6,2,10
ORD_20251127_0076_00,ORD_20251127_0076,B07M6GVTTM,1,9
ORD_20251127_0076_01,ORD_20251127_0076,B0BRQ5FFPJ,3,34
ORD_20251127_0076_02,ORD_20251127_0076,B089FB3RKX,3,21
ORD_20251127_0076_03,ORD_20251127_0076,B01HBTKPJS,1,15
ORD_20251127_0076_04,ORD_20251127_0076,B09SWC3R98,3,30
ORD_20251023_0077_00,ORD_20251023_0077,B08YFJYD5Z,2,165
ORD_20251023_0077_01,ORD_20251023_0077,B097Y2JV2C,3,38
ORD_20251116_0078_00,ORD_20251116_0078,B00ECQ8DHA,1,125
ORD_20251116_0078_01,ORD_20251116_0078,B09GNRBJRJ,2,22
ORD_20251116_0078_02,ORD_20251116_0078,B09RDRWSDL,2,25
ORD_20251116_0078_03,ORD_20251116_0078,B08SW6SMQJ,1,25
ORD_20251116_0078_04,ORD_20251116_0078,B0B15HDTMM,3,16
ORD_20251006_0079_00,ORD_20251006_0079,B008AZSCZM,1,150
ORD_20251006_0079_01,ORD_20251006_0079,B013TQHEPU,3,198
ORD_20251006_0079_02,ORD_20251006_0079,B07HCT9CP1,2,245
ORD_20251025_0080_00,ORD_20251025_0080,B07RM2MTKD,2,120
ORD_20251025_0080_01,ORD_20251025_0080,B0C3BWTH1D,3,46
ORD_20251018_0081_00,ORD_20251018_0081,B0BXCHHTTS,2,10
ORD_20251018_0081_01,ORD_20251018_0081,B0BW7S3SFJ,1,27
ORD_20251018_0081_02,ORD_20251018_0081,B00CMVZUWI,1,35
ORD_20251018_0081_03,ORD_20251018_0081,B07T23ZV82,2,15
ORD_20251114_0082_00,ORD_20251114_0082,B00CLRY0AQ,3,10
ORD_20251207_0083_00,ORD_20251207_0083,B015N9GY1G,3,10
ORD_20251207_0083_01,ORD_20251207_0083,B07QB1YQQD,1,139
ORD_20251207_0083_02,ORD_20251207_0083,B0BP73VTLC,1,90
ORD_20251207_0083_03,ORD_20251207_0083,B08GC1L9ZR,1,95
ORD_20251030_0084_00,ORD_20251030_0084,B00ALA15NU,1,181
ORD_20251030_0084_01,ORD_20251030_0084,B0B63QBL96,3,16
ORD_20251030_0084_02,ORD_20251030_0084,B08KC1YQZ9,1,210
ORD_20251030_0084_03,ORD_20251030_0084,B088QXH6DQ,1,6
ORD_20251030_0084_04,ORD_20251030_0084,B00HSI21UE,3,14990
ORD_20251027_0085_00,ORD_20251027_0085,B07GBKN55Q,3,28
ORD_20251027_0085_01,ORD_20251027_0085,B0871KRDL7,2,24
ORD_20251025_0086_00,ORD_20251025_0086,B00A1F4EFQ,1,10
ORD_20251025_0086_01,ORD_20251025_0086,B00AX2P6S6,3,60
ORD_20251025_0086_02,ORD_20251025_0086,B006ZA7SGI,1,250
ORD_20251025_0086_03,ORD_20251025_0086,B07TDC78YH,3,9
ORD_20251214_0087_00,ORD_20251214_0087,B07P9PY5NK,1,5
ORD_20251001_0088_00,ORD_20251001_0088,B07FYG1TR1,2,125
ORD_20251001_0088_01,ORD_20251001_0088,B005NVAP7O,1,656
ORD_20251001_0088_02,ORD_20251001_0088,B0BTXSVLPY,3,58
ORD_20251001_0088_03,ORD_20251001_0088,B00X8C4S8M,3,21
ORD_20251102_0089_00,ORD_20251102_0089,B00HQ8UHXO,2,34
ORD_20251102_0089_01,ORD_20251102_0089,B00FDXLV1Q,2,10
ORD_20251025_0090_00,ORD_20251025_0090,B06XH6M64M,3,18
ORD_20251025_0090_01,ORD_20251025_0090,B01JJ73BK0,2,9
ORD_20251025_0090_02,ORD_20251025_0090,B01MF7EZLC,3,16
ORD_20251007_0091_00,ORD_20251007_0091,B07FM8SS62,1,16
ORD_20251007_0091_01,ORD_20251007_0091,B08TLRXDQ1,3,13
ORD_20251007_0091_02,ORD_20251007_0091,B093G93T2J,1,17
ORD_20251007_0091_03,ORD_20251007_0091,B08SXGJJKG,1,22
ORD_20251007_0091_04,ORD_20251007_0091,B0BGJJMLBZ,1,32
ORD_20251007_0092_00,ORD_20251007_0092,B0C75MHQCG,3,1140
ORD_20251007_0092_01,ORD_20251007_0092,B08BKZTJY6,3,11
ORD_20251012_0093_00,ORD_20251012_0093,B094XV1C5V,1,12
ORD_20251012_0093_01,ORD_20251012_0093,B01MY218KL,2,565
ORD_20251203_0094_00,ORD_20251203_0094,B093FLZMS1,1,5
ORD_20251203_0094_01,ORD_20251203_0094,B0BRDZ8CQT,2,369
ORD_20251030_0095_00,ORD_20251030_0095,B00AI1B4AQ,3,15
ORD_20251030_0095_01,ORD_20251030_0095,B005NDVPN0,1,8
ORD_20251030_0095_02,ORD_20251030_0095,B000GTNCJ6,2,47
ORD_20251030_0095_03,ORD_20251030_0095,B00ADH3412,2,46
ORD_20251104_0096_00,ORD_20251104_0096,B09NN6JVZC,1,20
ORD_20251221_0097_00,ORD_20251221_0097,B0C3R2C7GH,1,230
ORD_20251221_0097_01,ORD_20251221_0097,B009R5ZM8E,3,30
ORD_20251116_0098_00,ORD_20251116_0098,B0002J1JVS,2,7
ORD_20251116_0098_01,ORD_20251116_0098,B01LYQBT5V,1,19
ORD_20251116_0098_02,ORD_20251116_0098,B004H3X1FC,3,365
ORD_20251116_0098_03,ORD_20251116_0098,B076X4ZG5C,2,29
ORD_20251116_0098_04,ORD_20251116_0098,B00R4OB7CA,2,16
ORD_20251011_0099_00,ORD_20251011_0099,B095VQP6NV,3,24
ORD_20251011_0099_01,ORD_20251011_0099,B00XHZQQJY,3,23
ORD_20251123_0100_00,ORD_20251123_0100,B0C2C1YRV8,2,99
ORD_20251123_0100_01,ORD_20251123_0100,B00GRD9ZVE,2,21
ORD_20251205_0101_00,ORD_20251205_0101,B008TY0JRS,1,10
ORD_20251205_0101_01,ORD_20251205_0101,B09HGF4M24,3,12
ORD_20251123_0102_00,ORD_20251123_0102,B0BLMX2NDB,3,11
ORD_20251123_0102_01,ORD_20251123_0102,B00PWQ8SCO,2,8
ORD_20251021_0103_00,ORD_20251021_0103,B00JUX2T70,1,23
ORD_20251021_0103_01,ORD_20251021_0103,B09NMD8H7P,3,60
ORD_20251021_0103_02,ORD_20251021_0103,B09NKZHY5P,3,35
ORD_20251021_0103_03,ORD_20251021_0103,B06XTGYZFM,3,120
ORD_20251021_0103_04,ORD_20251021_0103,B07WMQY3D8,2,28
ORD_20251122_0104_00,ORD_20251122_0104,B00993HK20,2,18
ORD_20251122_0104_01,ORD_20251122_0104,B09CDC4QYF,2,99
ORD_20251122_0104_02,ORD_20251122_0104,B0BHFDH3RQ,2,25
ORD_20251122_0104_03,ORD_20251122_0104,B00JUZ74NM,3,75
ORD_20251122_0104_04,ORD_20251122_0104,B00LZXP9T8,1,15
ORD_20251101_0105_00,ORD_20251101_0105,B07X75RG91,2,40
ORD_20251101_0105_01,ORD_20251101_0105,B076VXMNXW,2,50
ORD_20251101_0105_02,ORD_20251101_0105,B0848LTVNJ,3,40
ORD_20251101_0105_03,ORD_20251101_0105,B01HFNMCQY,2,285
ORD_20251101_0105_04,ORD_20251101_0105,B0BNMS8X6T,3,6
ORD_20250925_0106_00,ORD_20250925_0106,B08BNMBLZR,3,20
ORD_20250925_0106_01,ORD_20250925_0106,B07CQN29MB,3,8
ORD_20250925_0106_02,ORD_20250925_0106,B094F6BGFC,3,58
ORD_20251008_0107_00,ORD_20251008_0107,B07V27L87N,3,30
ORD_20251008_0107_01,ORD_20251008_0107,B01DGOF8EE,2,40
ORD_20251008_0107_02,ORD_20251008_0107,B089LZHCH8,3,1899
ORD_20251008_0107_03,ORD_20251008_0107,B01M3RQLUT,3,500
ORD_20251108_0108_00,ORD_20251108_0108,B08Z5Y9C8D,2,230
ORD_20251108_0108_01,ORD_20251108_0108,B0953PTLKP,1,7
ORD_20251108_0108_02,ORD_20251108_0108,B0BQQQJ1LH,3,90
ORD_20251108_0108_03,ORD_20251108_0108,B0B4SMM9SP,2,15
ORD_20251104_0109_00,ORD_20251104_0109,B004FOZJYY,1,30
ORD_20251104_0109_01,ORD_20251104_0109,B08NRVCRWX,2,40
ORD_20251104_0109_02,ORD_20251104_0109,B0BMXFKQCY,1,30
ORD_20251104_0109_03,ORD_20251104_0109,B01KWJO5Q8,2,10
ORD_20251104_0109_04,ORD_20251104_0109,B003GAMCSE,3,230
ORD_20251211_0110_00,ORD_20251211_0110,B00L48UK8O,1,8
ORD_20251211_0110_01,ORD_20251211_0110,B09HFFPGYB,1,64
ORD_20251211_0110_02,ORD_20251211_0110,B076HY53F2,1,40
ORD_20251018_0111_00,ORD_20251018_0111,B085PWWM4X,2,40
ORD_20251221_0112_00,ORD_20251221_0112,B08BCSN3D3,1,15
ORD_20251221_0112_01,ORD_20251221_0112,B00F8POV48,1,37
ORD_20251221_0112_02,ORD_20251221_0112,B00NM66NMS,2,15
ORD_20251221_0112_03,ORD_20251221_0112,B016APQ7EG,2,5
ORD_20251028_0113_00,ORD_20251028_0113,B09V729RGL,2,31
ORD_20251028_0113_01,ORD_20251028_0113,B08VRPWFDK,1,24
ORD_20251028_0113_02,ORD_20251028_0113,B08YJH52GC,3,25
ORD_20251209_0114_00,ORD_20251209_0114,B00SMBGPEO,2,160
ORD_20250930_0115_00,ORD_20250930_0115,B09H6PLWNC,3,2
ORD_20250930_0115_01,ORD_20250930_0115,B0C3C53XTM,3,16
ORD_20251112_0116_00,ORD_20251112_0116,B002OOV9ZA,2,48
ORD_20251112_0116_01,ORD_20251112_0116,B0792Y38XC,2,670
ORD_20251112_0116_02,ORD_20251112_0116,B0725DMR9W,1,16
ORD_20251112_0116_03,ORD_20251112_0116,B089RF38J6,3,116
ORD_20251024_0117_00,ORD_20251024_0117,B083CRLB7T,3,13
ORD_20251024_0117_01,ORD_20251024_0117,B01K6TFWE8,1,42
ORD_20251114_0118_00,ORD_20251114_0118,B01N8QY0CL,1,8
ORD_20251114_0118_01,ORD_20251114_0118,B078W3692J,2,12
ORD_20250925_0119_00,ORD_20250925_0119,B01M08RNKC,3,4
ORD_20251001_0120_00,ORD_20251001_0120,B01MZAPTIT,1,60
ORD_20251001_0120_01,ORD_20251001_0120,B09CPLPW94,2,25
ORD_20251001_0120_02,ORD_20251001_0120,B07434DSNY,1,22
ORD_20251001_0120_03,ORD_20251001_0120,B08Y8X5RHP,3,36
ORD_20250927_0121_00,ORD_20250927_0121,B00YVOQ84S,2,4
ORD_20250927_0121_01,ORD_20250927_0121,B082M9DTG9,1,113
ORD_20251204_0122_00,ORD_20251204_0122,B0853C42HS,2,40
ORD_20251204_0122_01,ORD_20251204_0122,B00KSKOMQA,2,410
ORD_20251204_0122_02,ORD_20251204_0122,B0BZ4LX7QK,1,60
ORD_20251114_0123_00,ORD_20251114_0123,B0BLBHB59Q,2,60
ORD_20251013_0124_00,ORD_20251013_0124,B008DFWR0A,1,13
ORD_20251013_0124_01,ORD_20251013_0124,B07CSGKF72,3,38
ORD_20251013_0124_02,ORD_20251013_0124,B08L84T528,3,26
ORD_20251013_0124_03,ORD_20251013_0124,B003374OWW,2,267
ORD_20251013_0124_04,ORD_20251013_0124,B096TM6WBM,2,11
ORD_20251103_0125_00,ORD_20251103_0125,B0BKR2GZ2W,3,543
ORD_20251103_0125_01,ORD_20251103_0125,B09VY8ZJJ9,1,25
ORD_20251127_0126_00,ORD_20251127_0126,B07FK7T8YP,2,48
ORD_20251127_0126_01,ORD_20251127_0126,B01LYG7IST,2,11
ORD_20251127_0126_02,ORD_20251127_0126,B092CNPBN1,2,266
ORD_20251127_0126_03,ORD_20251127_0126,B09BZBWKC1,3,20
ORD_20250927_0127_00,ORD_20250927_0127,B09MHS4XMW,2,9
ORD_20251103_0128_00,ORD_20251103_0128,B00RH41IXA,1,365
ORD_20251103_0128_01,ORD_20251103_0128,B00R2TRR4Y,2,17
ORD_20251129_0129_00,ORD_20251129_0129,B01LYXVK6U,1,9
ORD_20251129_0129_01,ORD_20251129_0129,B077M2RRWH,1,7
ORD_20251129_0129_02,ORD_20251129_0129,B08RBT7KHL,2,119
ORD_20251129_0129_03,ORD_20251129_0129,B07TJQZ1K9,3,9
ORD_20251027_0130_00,ORD_20251027_0130,B005T7F9MI,1,9
ORD_20251027_0130_01,ORD_20251027_0130,B0C2GX1HSY,3,31
ORD_20251027_0130_02,ORD_20251027_0130,B008TWHVM6,2,11
ORD_20251027_0130_03,ORD_20251027_0130,B07GCS5MPR,1,319
ORD_20251027_0130_04,ORD_20251027_0130,B07V3TNQ7Z,2,121
ORD_20251208_0131_00,ORD_20251208_0131,B07CPFDK16,1,9
ORD_20251208_0131_01,ORD_20251208_0131,B0B6V72QG6,3,686
ORD_20251208_0131_02,ORD_20251208_0131,B0BNPYC78X,3,9
ORD_20251208_0131_03,ORD_20251208_0131,B07D57NH9Q,1,6
ORD_20251208_0131_04,ORD_20251208_0131,B00BQTJ1DQ,2,110
ORD_20251027_0132_00,ORD_20251027_0132,B08CCW2NMV,3,17
ORD_20251027_0132_01,ORD_20251027_0132,B084VDNWBW,3,8
ORD_20251126_0133_00,ORD_20251126_0133,B01CNL4IM4,3,12
ORD_20251126_0133_01,ORD_20251126_0133,B00ILLJOUC,2,15
ORD_20251126_0133_02,ORD_20251126_0133,B098NV7JDR,2,65
ORD_20251031_0134_00,ORD_20251031_0134,B07SPF2W8W,1,682
ORD_20251031_0134_01,ORD_20251031_0134,B00O0NYYIC,3,7
ORD_20251031_0134_02,ORD_20251031_0134,B06Y2NMVPP,2,60
ORD_20251003_0135_00,ORD_20251003_0135,B08Y64ZZLN,2,426
ORD_20251003_0135_01,ORD_20251003_0135,B07YDS95R5,3,21
ORD_20251003_0135_02,ORD_20251003_0135,B08X3PPW1X,3,119
ORD_20251003_0135_03,ORD_20251003_0135,B08V47WRXR,2,100
ORD_20251222_0136_00,ORD_20251222_0136,B098NWB12F,3,12
ORD_20251029_0137_00,ORD_20251029_0137,B07JH98Z1G,3,7
ORD_20251029_0137_01,ORD_20251029_0137,B08T62Y4BS,3,20
ORD_20251029_0137_02,ORD_20251029_0137,B08LQ9JV4Q,1,7
ORD_20251003_0138_00,ORD_20251003_0138,B0158VG590,1,161
ORD_20250925_0139_00,ORD_20250925_0139,B00GNKRV0S,3,6
ORD_20250925_0139_01,ORD_20250925_0139,B093VYSQV7,2,11
ORD_20250925_0139_02,ORD_20250925_0139,B07QYQGMF1,2,58
ORD_20251003_0140_00,ORD_20251003_0140,B0C6X2FQVS,3,9
ORD_20251003_0140_01,ORD_20251003_0140,B08D4JDDTJ,1,333
ORD_20251008_0141_00,ORD_20251008_0141,B0926WRBJ3,2,20
ORD_20251008_0141_01,ORD_20251008_0141,B07QFLRJ4Q,3,17
ORD_20251008_0141_02,ORD_20251008_0141,B0BDTFQ94Q,1,13
ORD_20251008_0141_03,ORD_20251008_0141,B08NT41HWP,2,100
ORD_20251209_0142_00,ORD_20251209_0142,B09Y22NFQ8,1,46
ORD_20251209_0142_01,ORD_20251209_0142,B085XXRZZX,3,46
ORD_20251209_0142_02,ORD_20251209_0142,B09DYFPR4C,3,15
ORD_20251005_0143_00,ORD_20251005_0143,B0B1TTP4J3,3,90
ORD_20251005_0143_01,ORD_20251005_0143,B0B3959745,3,16
ORD_20251005_0143_02,ORD_20251005_0143,B0C226VCS4,2,28
ORD_20251207_0144_00,ORD_20251207_0144,B0094AH2SK,1,15
ORD_20251207_0144_01,ORD_20251207_0144,B0BRVC4BDC,2,47
ORD_20251207_0144_02,ORD_20251207_0144,B0B2DG9J54,3,1930
ORD_20251006_0145_00,ORD_20251006_0145,B093RZYNR1,1,10
ORD_20251020_0146_00,ORD_20251020_0146,B094XDCNK5,3,12
ORD_20251020_0146_01,ORD_20251020_0146,B0B4WSNX8Y,1,73
ORD_20251030_0147_00,ORD_20251030_0147,B01AE6Q2C4,1,27
ORD_20251030_0147_01,ORD_20251030_0147,B09QKFQ2KV,3,19
ORD_20251215_0148_00,ORD_20251215_0148,B0B4NLW4DY,3,14
ORD_20251215_0148_01,ORD_20251215_0148,B01CDIIAHG,2,23
ORD_20251215_0148_02,ORD_20251215_0148,B01N7PN2VX,1,60
ORD_20251215_0148_03,ORD_20251215_0148,B00AR0AGGQ,3,240
ORD_20251018_0149_00,ORD_20251018_0149,B0964TCYPN,3,9
ORD_20251018_0149_01,ORD_20251018_0149,B07R4XTYJT,3,8
ORD_20251121_0150_00,ORD_20251121_0150,B07CGJDYJQ,3,26
ORD_20251121_0150_01,ORD_20251121_0150,B0CDCM7LB6,3,1765
ORD_20251121_0150_02,ORD_20251121_0150,B01M09OKHJ,3,8
ORD_20251121_0150_03,ORD_20251121_0150,B072K28PPR,3,12
ORD_20251221_0151_00,ORD_20251221_0151,B08TB7W7NQ,1,55
ORD_20251221_0151_01,ORD_20251221_0151,B072L6N1PR,3,12
ORD_20251221_0151_02,ORD_20251221_0151,B014S8G7PG,2,19
ORD_20251016_0152_00,ORD_20251016_0152,B07J1GPFZZ,2,17
ORD_20251016_0152_01,ORD_20251016_0152,B0981BZYJG,3,940
ORD_20251016_0152_02,ORD_20251016_0152,B008EMABBY,1,9
ORD_20251016_0152_03,ORD_20251016_0152,B01MY88GH1,2,13
ORD_20251016_0152_04,ORD_20251016_0152,B01LZZ7EWZ,1,9
ORD_20251018_0153_00,ORD_20251018_0153,B007Z7QQVS,1,8
ORD_20251218_0154_00,ORD_20251218_0154,B07B8YN767,3,12
ORD_20251218_0154_01,ORD_20251218_0154,B0771LYKG7,2,143
ORD_20251218_0154_02,ORD_20251218_0154,B075DJ3R8Y,2,220
ORD_20251218_0154_03,ORD_20251218_0154,B0BQDF5PZB,1,9
ORD_20251124_0155_00,ORD_20251124_0155,B08HRL5MZZ,2,288
ORD_20251124_0155_01,ORD_20251124_0155,B0CJRCQ2NR,1,36
ORD_20251124_0155_02,ORD_20251124_0155,B01CYZWYQQ,3,21
ORD_20251124_0155_03,ORD_20251124_0155,B004AL4060,2,36
ORD_20251114_0156_00,ORD_20251114_0156,B00EDH6X9I,1,20
ORD_20251114_0156_01,ORD_20251114_0156,B08CDZRMMF,1,17
ORD_20251114_0156_02,ORD_20251114_0156,B01LMDCXCG,2,26
ORD_20251114_0156_03,ORD_20251114_0156,B083FDH17M,1,12
ORD_20250929_0157_00,ORD_20250929_0157,B0BQ5TL7CY,2,453
ORD_20250929_0157_01,ORD_20250929_0157,B087Q741Z3,2,26
ORD_20250929_0157_02,ORD_20250929_0157,B09MJ2V4WB,1,969
ORD_20251017_0158_00,ORD_20251017_0158,B009TAV0TC,3,29
ORD_20251017_0158_01,ORD_20251017_0158,B0B7MRF34S,1,56
ORD_20251017_0158_02,ORD_20251017_0158,B07G8WKFXS,3,80
ORD_20251028_0159_00,ORD_20251028_0159,B079KJXP69,2,16
ORD_20251028_0159_01,ORD_20251028_0159,B073491CBK,2,14
ORD_20251213_0160_00,ORD_20251213_0160,B07FMHR1X5,1,449
ORD_20251213_0160_01,ORD_20251213_0160,B08H87SHQ7,1,33
ORD_20251015_0161_00,ORD_20251015_0161,B08CL3BGLT,2,460
ORD_20251015_0161_01,ORD_20251015_0161,B071NZT1JV,2,8
ORD_20250924_0162_00,ORD_20250924_0162,B07M8Q46LY,2,48
ORD_20250924_0162_01,ORD_20250924_0162,B0C5HTFCTB,2,10
ORD_20250924_0162_02,ORD_20250924_0162,B072NBQF5T,3,40
ORD_20251101_0163_00,ORD_20251101_0163,B0B935R9NL,1,29
ORD_20251101_0163_01,ORD_20251101_0163,B07TLT118F,1,40
ORD_20251101_0163_02,ORD_20251101_0163,B0CGRQPRLC,1,60
ORD_20251101_0163_03,ORD_20251101_0163,B076515WSF,1,120
ORD_20251101_0163_04,ORD_20251101_0163,B08P4BZP2S,1,7
ORD_20251008_0164_00,ORD_20251008_0164,B00007KWRD,1,20
ORD_20251207_0165_00,ORD_20251207_0165,B0B16HXVVQ,2,140
ORD_20251207_0165_01,ORD_20251207_0165,B08YDRKWMS,1,23
ORD_20251207_0165_02,ORD_20251207_0165,B01GW8UE18,2,93
ORD_20251207_0165_03,ORD_20251207_0165,B01G2MHVYW,3,36
ORD_20251117_0166_00,ORD_20251117_0166,B07FVJ5JKV,3,10
ORD_20251117_0166_01,ORD_20251117_0166,B0B39BZS1Q,2,60
ORD_20251211_0167_00,ORD_20251211_0167,B008N3BVWW,3,28
ORD_20251211_0167_01,ORD_20251211_0167,B01KJ8URUK,3,134
ORD_20251014_0168_00,ORD_20251014_0168,B08JXH3ZPD,2,14
ORD_20251014_0168_01,ORD_20251014_0168,B002LTDRBC,3,1222
ORD_20251014_0168_02,ORD_20251014_0168,B09JCQPFBQ,1,8
ORD_20251014_0168_03,ORD_20251014_0168,B07T2XLJM7,1,16
ORD_20251014_0168_04,ORD_20251014_0168,B0B718QR2C,2,20
ORD_20251009_0169_00,ORD_20251009_0169,B08TT6CQ18,3,14
ORD_20251009_0169_01,ORD_20251009_0169,B076FCJ965,1,11
ORD_20251103_0170_00,ORD_20251103_0170,B0B9WBLL84,3,10
ORD_20251103_0170_01,ORD_20251103_0170,B0BB3J62MK,2,15
ORD_20251011_0171_00,ORD_20251011_0171,B07QRPQ9ZR,1,8
ORD_20251011_0171_01,ORD_20251011_0171,B07ZNTPT5M,2,16
ORD_20251124_0172_00,ORD_20251124_0172,B07L78RQ8M,2,6
ORD_20251124_0172_01,ORD_20251124_0172,B01HD3OAL6,3,10
ORD_20251124_0172_02,ORD_20251124_0172,B071LDQPLZ,1,10
ORD_20251124_0172_03,ORD_20251124_0172,B0BLYZSZK4,2,20
ORD_20251204_0173_00,ORD_20251204_0173,B0073CW7F4,3,290
ORD_20251204_0173_01,ORD_20251204_0173,B01M0W3DJQ,1,12
ORD_20251204_0173_02,ORD_20251204_0173,B07PP8Z5LS,2,47
ORD_20251028_0174_00,ORD_20251028_0174,B08ZT2BTZ1,3,10
ORD_20251028_0174_01,ORD_20251028_0174,B08K4BJ87Q,3,66
ORD_20251028_0174_02,ORD_20251028_0174,B003K8KYOG,1,40
ORD_20251222_0175_00,ORD_20251222_0175,B07GG65D1B,3,93
ORD_20251222_0175_01,ORD_20251222_0175,B07P69D9J5,3,16
ORD_20251222_0175_02,ORD_20251222_0175,B06XFQPGHC,1,39
ORD_20251222_0175_03,ORD_20251222_0175,B000OD45MM,2,298
ORD_20251222_0175_04,ORD_20251222_0175,B08DXF1CP6,1,1261
ORD_20251112_0176_00,ORD_20251112_0176,B079Q8K2LQ,2,60
ORD_20251214_0177_00,ORD_20251214_0177,B07L4XCC8W,1,180
ORD_20251020_0178_00,ORD_20251020_0178,B014ZEHO8C,2,35
ORD_20251020_0178_01,ORD_20251020_0178,B081F7L7ZC,1,17
ORD_20251020_0178_02,ORD_20251020_0178,B0B4PXVN1Y,1,6
ORD_20251020_0178_03,ORD_20251020_0178,B003E77BA8,2,25
ORD_20251020_0178_04,ORD_20251020_0178,B019PJYZFC,1,14
ORD_20251201_0179_00,ORD_20251201_0179,B095NS7G37,2,30
ORD_20251201_0180_00,ORD_20251201_0180,B09QSFTF9V,2,11
ORD_20251201_0180_01,ORD_20251201_0180,B007PCP5HE,1,100
ORD_20250929_0181_00,ORD_20250929_0181,B0BPC7TGXM,2,140
ORD_20250929_0181_01,ORD_20250929_0181,B08P9F7RQQ,3,15
ORD_20251029_0182_00,ORD_20251029_0182,B07T5CTW26,1,61
ORD_20251029_0182_01,ORD_20251029_0182,B0C2VMDNVZ,3,12
ORD_20251029_0182_02,ORD_20251029_0182,B08QRTX43N,2,220
ORD_20251029_0182_03,ORD_20251029_0182,B0BN1YKL5D,1,10
ORD_20251029_0182_04,ORD_20251029_0182,B08KSHVJ48,2,28
ORD_20250929_0183_00,ORD_20250929_0183,B076BKHTDM,1,50
ORD_20250929_0183_01,ORD_20250929_0183,B0B1QGR917,2,13
ORD_20250929_0183_02,ORD_20250929_0183,B08FMLKP2Z,1,279
ORD_20250929_0183_03,ORD_20250929_0183,B07J32N7J4,2,39
ORD_20250929_0183_04,ORD_20250929_0183,B07CMMHD2N,2,7
ORD_20251215_0184_00,ORD_20251215_0184,B004HKIA7O,3,12
ORD_20251013_0185_00,ORD_20251013_0185,B0CDPNB618,2,43
ORD_20251013_0185_01,ORD_20251013_0185,B0BZRCDP7M,1,12
ORD_20251013_0185_02,ORD_20251013_0185,B07KGDRG28,2,13
ORD_20251013_0185_03,ORD_20251013_0185,B0BGV2Q5PG,3,44
ORD_20251201_0186_00,ORD_20251201_0186,B017B550II,2,245
ORD_20251201_0186_01,ORD_20251201_0186,B001Q1ZLBU,1,9
ORD_20251112_0187_00,ORD_20251112_0187,B0BCTTDL4Z,2,750
ORD_20251025_0188_00,ORD_20251025_0188,B08YD7259Q,1,7
ORD_20251009_0189_00,ORD_20251009_0189,B00008J4CS,2,4
ORD_20251021_0190_00,ORD_20251021_0190,B09TNLQRSJ,2,1100
ORD_20250925_0191_00,ORD_20250925_0191,B0007KK29C,2,11
ORD_20250925_0191_01,ORD_20250925_0191,B00YYDHA9S,2,40
ORD_20250925_0191_02,ORD_20250925_0191,B09DFGNVYZ,1,30
ORD_20250925_0191_03,ORD_20250925_0191,B000SSRXYK,2,19
ORD_20250926_0192_00,ORD_20250926_0192,B07G9K829G,3,15
ORD_20250926_0192_01,ORD_20250926_0192,B071GY7G7N,2,12
ORD_20251211_0193_00,ORD_20251211_0193,B016VCWOQS,3,32
ORD_20251211_0193_01,ORD_20251211_0193,B08NST66X3,2,9
ORD_20251019_0194_00,ORD_20251019_0194,B0829RMFXZ,1,180
ORD_20251019_0194_01,ORD_20251019_0194,B06XYKTYVT,1,6
ORD_20251019_0194_02,ORD_20251019_0194,B00XWE00F6,2,75
ORD_20251019_0194_03,ORD_20251019_0194,B075VM78S2,1,20
ORD_20251019_0194_04,ORD_20251019_0194,B07Y8C9P5L,2,8
ORD_20251102_0195_00,ORD_20251102_0195,B07MZMM58R,2,25
ORD_20251008_0196_00,ORD_20251008_0196,B077G2JSJ2,2,21
ORD_20251008_0196_01,ORD_20251008_0196,B01LXYTBOQ,1,5
ORD_20251125_0197_00,ORD_20251125_0197,B07PLSYKVP,3,9
ORD_20251125_0197_01,ORD_20251125_0197,B07JN5TVY7,2,149
ORD_20251130_0198_00,ORD_20251130_0198,B092MFVS3X,3,13
ORD_20251130_0198_01,ORD_20251130_0198,B07T95XBGB,3,30
ORD_20251120_0199_00,ORD_20251120_0199,B002PHM0XQ,3,80
ORD_20251120_0199_01,ORD_20251120_0199,B0BH8WQFDW,3,779
ORD_20251120_0199_02,ORD_20251120_0199,B0BSVDD3RR,2,38
ORD_20251109_0200_00,ORD_20251109_0200,B0BLGNYJ8J,1,100
ORD_20251109_0200_01,ORD_20251109_0200,B073HW6HWZ,1,20
ORD_20251109_0200_02,ORD_20251109_0200,B0125VG32A,3,5
ORD_20251112_0201_00,ORD_20251112_0201,B00DYI20SU,2,10
ORD_20251218_0202_00,ORD_20251218_0202,B076J5P8DX,3,14
ORD_20251218_0202_01,ORD_20251218_0202,B09PC93L7Z,3,29
ORD_20251201_0203_00,ORD_20251201_0203,B09Y3WVMFN,2,20
ORD_20251201_0203_01,ORD_20251201_0203,B09QYPHC1G,1,34
ORD_20251110_0204_00,ORD_20251110_0204,B0B154FVKK,2,16
ORD_20251110_0204_01,ORD_20251110_0204,B07KVDZQ67,2,9
ORD_20251110_0204_02,ORD_20251110_0204,B0002M5NPI,2,32
ORD_20251002_0205_00,ORD_20251002_0205,B07ZJ743XX,1,26
ORD_20251216_0206_00,ORD_20251216_0206,B07BKRFFSL,2,14
ORD_20251216_0206_01,ORD_20251216_0206,B00SUVK6FK,3,8
ORD_20251212_0207_00,ORD_20251212_0207,B00796D03C,1,8
ORD_20251212_0207_01,ORD_20251212_0207,B00VGSYHZY,2,20
ORD_20251202_0208_00,ORD_20251202_0208,B01B4MQGYQ,2,24
ORD_20251202_0208_01,ORD_20251202_0208,B01B6SJ8HU,2,8
ORD_20251127_0209_00,ORD_20251127_0209,B08XK863YR,3,50
ORD_20251127_0209_01,ORD_20251127_0209,B0BXP5JVPH,3,16
ORD_20251127_0209_02,ORD_20251127_0209,B000M1A3TK,1,40
ORD_20251103_0210_00,ORD_20251103_0210,B092LNJ9XJ,2,0
ORD_20251103_0210_01,ORD_20251103_0210,B09BPZ4BV4,2,986
ORD_20251109_0211_00,ORD_20251109_0211,B07QKYSSJR,2,16
ORD_20251109_0211_01,ORD_20251109_0211,B009U902BO,1,474
ORD_20251206_0212_00,ORD_20251206_0212,B003XROTEK,1,8
ORD_20251120_0213_00,ORD_20251120_0213,B08HRGLCJF,3,20
ORD_20251027_0214_00,ORD_20251027_0214,B004LB5AQ8,2,355
ORD_20251027_0214_01,ORD_20251027_0214,B09CGRTH43,2,43
ORD_20251027_0214_02,ORD_20251027_0214,B000C203MQ,3,40
ORD_20251027_0214_03,ORD_20251027_0214,B09LWJXX6R,1,15
ORD_20251027_0214_04,ORD_20251027_0214,B01MTRRNC7,3,16
ORD_20251209_0215_00,ORD_20251209_0215,B00NPWV482,1,10
ORD_20251119_0216_00,ORD_20251119_0216,B00099DWUM,1,160
ORD_20251119_0216_01,ORD_20251119_0216,B08BTLTSNK,3,10
ORD_20251119_0216_02,ORD_20251119_0216,B08KFJ6T6B,2,15
ORD_20251221_0217_00,ORD_20251221_0217,B09Q8BBK8V,2,11
ORD_20251221_0217_01,ORD_20251221_0217,B073S4QBHT,3,13
ORD_20251221_0217_02,ORD_20251221_0217,B0BFWJ5WHQ,1,36
ORD_20251221_0217_03,ORD_20251221_0217,B00NBKYPFW,2,13
ORD_20251221_0217_04,ORD_20251221_0217,B09YXR5LW3,2,11
ORD_20251217_0218_00,ORD_20251217_0218,B088FCHVVM,1,50
ORD_20251217_0218_01,ORD_20251217_0218,B004QR8SB6,1,227
ORD_20251217_0218_02,ORD_20251217_0218,B078YBLWJZ,1,5
ORD_20251118_0219_00,ORD_20251118_0219,B091SRK2JJ,2,66
ORD_20251118_0219_01,ORD_20251118_0219,B0052QVF8I,2,116
ORD_20251118_0219_02,ORD_20251118_0219,B00009XV4P,2,398
ORD_20251201_0220_00,ORD_20251201_0220,B00TYKNPR2,1,33
ORD_20251027_0221_00,ORD_20251027_0221,B00009ZKWC,2,10
ORD_20251027_0221_01,ORD_20251027_0221,B09RY4RMYD,1,24
ORD_20251027_0221_02,ORD_20251027_0221,B01IDUF6AM,2,144
ORD_20251027_0221_03,ORD_20251027_0221,B0863LVXBY,2,21
ORD_20250927_0222_00,ORD_20250927_0222,B08NFK7R7C,2,130
ORD_20250927_0222_01,ORD_20250927_0222,B08M36JHL7,2,10
ORD_20250927_0222_02,ORD_20250927_0222,B01221EHYO,3,7
ORD_20250927_0222_03,ORD_20250927_0222,B001MKGS12,3,7
ORD_20250927_0222_04,ORD_20250927_0222,B00LNT8TOQ,3,18
ORD_20251001_0223_00,ORD_20251001_0223,B07DPR7TTD,2,110
ORD_20251001_0223_01,ORD_20251001_0223,B018LQRHUU,1,21
ORD_20251001_0223_02,ORD_20251001_0223,B01LDAWO0E,2,14
ORD_20251001_0223_03,ORD_20251001_0223,B0922MCDV5,2,12
ORD_20251001_0223_04,ORD_20251001_0223,B00LCI5MHA,1,73
ORD_20251025_0224_00,ORD_20251025_0224,B09WMW6DGY,1,5
ORD_20251025_0224_01,ORD_20251025_0224,B097QXGPGY,2,20
ORD_20251025_0224_02,ORD_20251025_0224,B094P1JKL6,3,130
ORD_20251025_0224_03,ORD_20251025_0224,B07YDKQKXV,3,31
ORD_20251025_0224_04,ORD_20251025_0224,B01AN2TEBA,1,17
ORD_20251013_0225_00,ORD_20251013_0225,B08JG72MMY,3,16
ORD_20251124_0226_00,ORD_20251124_0226,B00D4DVD7Y,3,39
ORD_20251124_0226_01,ORD_20251124_0226,B01LZ4XYS1,1,10
ORD_20251124_0226_02,ORD_20251124_0226,B00ATFI210,1,6
ORD_20251124_0226_03,ORD_20251124_0226,B0BNX9QVXZ,2,150
ORD_20251124_0226_04,ORD_20251124_0226,B072DRHZBD,2,15
ORD_20251209_0227_00,ORD_20251209_0227,B008CINPKO,3,65
ORD_20251209_0227_01,ORD_20251209_0227,B099JWW1NQ,3,87
ORD_20251207_0228_00,ORD_20251207_0228,B07LBCTM8B,1,26
ORD_20251207_0228_01,ORD_20251207_0228,B08JYPHFD5,2,30
ORD_20251207_0228_02,ORD_20251207_0228,B0B3C1WK1J,1,54
ORD_20251207_0228_03,ORD_20251207_0228,B008P5A5YI,3,13
ORD_20251205_0229_00,ORD_20251205_0229,B08XQT7ZK8,3,10
ORD_20251130_0230_00,ORD_20251130_0230,B0C58F8MYL,3,18
ORD_20251130_0230_01,ORD_20251130_0230,B001J8UBOM,3,86
ORD_20250925_0231_00,ORD_20250925_0231,B0CG1RZC1Y,1,50
ORD_20250925_0231_01,ORD_20250925_0231,B0BKG55YB9,2,16
ORD_20250925_0231_02,ORD_20250925_0231,B0C61CSNKP,3,15
ORD_20250925_0231_03,ORD_20250925_0231,B085XSH3SF,3,31
ORD_20251013_0232_00,ORD_20251013_0232,B081STGR32,3,16
ORD_20251013_0232_01,ORD_20251013_0232,B00061QU66,1,25
ORD_20251022_0233_00,ORD_20251022_0233,B00CEHQR4K,1,7
ORD_20251022_0233_01,ORD_20251022_0233,B0865Q4HGP,2,15
ORD_20251022_0233_02,ORD_20251022_0233,B07JVK5Z4T,1,9
ORD_20251022_0233_03,ORD_20251022_0233,B08N375KTF,1,233
ORD_20250926_0234_00,ORD_20250926_0234,B09WJ11V63,1,13
ORD_20250927_0235_00,ORD_20250927_0235,B095NY9HYM,2,449
ORD_20250927_0235_01,ORD_20250927_0235,B07NTJZ615,2,5
ORD_20250927_0235_02,ORD_20250927_0235,B071P9CRP5,3,800
ORD_20250927_0235_03,ORD_20250927_0235,B098L72C8L,2,58
ORD_20250927_0235_04,ORD_20250927_0235,B00UY09SE0,3,25
ORD_20251027_0236_00,ORD_20251027_0236,B089W5WJPY,2,12
ORD_20251027_0236_01,ORD_20251027_0236,B09BQXQ53C,1,26
ORD_20251027_0236_02,ORD_20251027_0236,B07FBSW613,3,7
ORD_20251104_0237_00,ORD_20251104_0237,B00ZB75MSC,3,75
ORD_20251104_0237_01,ORD_20251104_0237,B08JGRYKPP,2,9
ORD_20251104_0237_02,ORD_20251104_0237,B0006N41KG,1,34
ORD_20251111_0238_00,ORD_20251111_0238,B001OEK1OG,3,8
ORD_20251111_0238_01,ORD_20251111_0238,B096S4Q4MB,1,8
ORD_20251111_0238_02,ORD_20251111_0238,B071HLDFP6,1,40
ORD_20251111_0238_03,ORD_20251111_0238,B004IYJCU8,3,50
ORD_20251111_0238_04,ORD_20251111_0238,B007QXFBOE,1,11
ORD_20251211_0239_00,ORD_20251211_0239,B01CLYYOZ4,2,8
ORD_20251211_0239_01,ORD_20251211_0239,B01BK7DZB2,2,120
ORD_20250928_0240_00,ORD_20250928_0240,B004SBMZR8,3,32
ORD_20250928_0240_01,ORD_20250928_0240,B00KPCCPX8,2,278
ORD_20251116_0241_00,ORD_20251116_0241,B08RDDFWFJ,3,16
ORD_20251116_0241_01,ORD_20251116_0241,B01MZI9IHL,1,60
ORD_20251116_0241_02,ORD_20251116_0241,B004USTDXI,2,8
ORD_20251116_0241_03,ORD_20251116_0241,B09CZFKVGT,3,50
ORD_20251116_0241_04,ORD_20251116_0241,B00A82H1VQ,1,49
ORD_20251003_0242_00,ORD_20251003_0242,B08GSDJ7NG,1,9
ORD_20251003_0242_01,ORD_20251003_0242,B00OTVAQW8,3,44
ORD_20251025_0243_00,ORD_20251025_0243,B09DY64C56,1,20
ORD_20251123_0244_00,ORD_20251123_0244,B01MY9VZ7N,2,399
ORD_20251123_0244_01,ORD_20251123_0244,B0BY7Z22NM,1,50
ORD_20251123_0244_02,ORD_20251123_0244,B07JXXB464,2,30
ORD_20251123_0244_03,ORD_20251123_0244,B06XHTJZR5,3,160
ORD_20251009_0245_00,ORD_20251009_0245,B07B66J4JR,3,16
ORD_20251116_0246_00,ORD_20251116_0246,B09V9JVHB3,3,54
ORD_20251116_0246_01,ORD_20251116_0246,B08NTYC9T6,1,12
ORD_20251116_0246_02,ORD_20251116_0246,B0BJYN2WZ9,1,42
ORD_20251116_0246_03,ORD_20251116_0246,B09WZWFC4S,3,30
ORD_20250927_0247_00,ORD_20250927_0247,B0BSBCYLTJ,1,20
ORD_20250927_0247_01,ORD_20250927_0247,B07B4WJMGC,1,60
ORD_20250927_0247_02,ORD_20250927_0247,B07WK4HBKC,3,8
ORD_20251126_0248_00,ORD_20251126_0248,B01CYZSJEM,1,15
ORD_20251126_0248_01,ORD_20251126_0248,B003ZWXDCM,1,20
ORD_20251126_0248_02,ORD_20251126_0248,B098D1L6YK,1,81
ORD_20251011_0249_00,ORD_20251011_0249,B0B1YHT8M7,1,23
ORD_20251011_0249_01,ORD_20251011_0249,B0C4VX536K,1,180
ORD_20251011_0249_02,ORD_20251011_0249,B07BFB54J2,3,29
ORD_20251011_0249_03,ORD_20251011_0249,B07K88FCT6,3,429
ORD_20250930_0250_00,ORD_20250930_0250,B00CA5MLCS,2,331
ORD_20250930_0250_01,ORD_20250930_0250,B09BQXQ53C,2,26
ORD_20250930_0250_02,ORD_20250930_0250,B01MXIUVLK,2,10
ORD_20251011_0251_00,ORD_20251011_0251,B005450ZUG,2,190
ORD_20251011_0251_01,ORD_20251011_0251,B0BVFQSVJQ,1,13
ORD_20251011_0251_02,ORD_20251011_0251,B00JUW6OYA,1,62
ORD_20251110_0252_00,ORD_20251110_0252,B07V5F4SCZ,1,16
ORD_20251110_0252_01,ORD_20251110_0252,B07RBK4Z3T,3,30
ORD_20251110_0252_02,ORD_20251110_0252,B08LKTKRVZ,3,330
ORD_20251110_0252_03,ORD_20251110_0252,B08XVW1D4F,1,20
ORD_20251003_0253_00,ORD_20251003_0253,B06XTJ37JH,3,8
ORD_20251013_0254_00,ORD_20251013_0254,B07TM8D6JC,3,53
ORD_20251013_0254_01,ORD_20251013_0254,B07MW2PXRS,3,19
ORD_20251013_0254_02,ORD_20251013_0254,B00GBG105Q,2,15
ORD_20251013_0254_03,ORD_20251013_0254,B005OK8A5I,1,13
ORD_20251013_0254_04,ORD_20251013_0254,B002RL8TX0,2,23
ORD_20250929_0255_00,ORD_20250929_0255,B07Y5WLQQH,3,472
ORD_20250929_0255_01,ORD_20250929_0255,B09P39N9V3,3,20
ORD_20250929_0255_02,ORD_20250929_0255,B0C1GJK6BH,3,46
ORD_20250929_0255_03,ORD_20250929_0255,B000M4CS5E,1,9
ORD_20250929_0255_04,ORD_20250929_0255,B0BWYW1F5T,3,120
ORD_20251021_0256_00,ORD_20251021_0256,B09QCB96WZ,3,9
ORD_20251021_0256_01,ORD_20251021_0256,B002I3SZ18,1,38
ORD_20251021_0256_02,ORD_20251021_0256,B09JW7CK3H,3,16
ORD_20251217_0257_00,ORD_20251217_0257,B00DNKYG68,3,4
ORD_20251217_0257_01,ORD_20251217_0257,B06XFQ6TRC,3,14
ORD_20251217_0257_02,ORD_20251217_0257,B0BNVQJ5NQ,3,10
ORD_20250930_0258_00,ORD_20250930_0258,B00XKE5IHS,2,17
ORD_20250930_0258_01,ORD_20250930_0258,B086SL66LZ,2,729
ORD_20250930_0258_02,ORD_20250930_0258,B0BGYXLC55,2,498
ORD_20250930_0258_03,ORD_20250930_0258,B0018QIBZQ,3,90
ORD_20250930_0258_04,ORD_20250930_0258,B015X7FDL0,1,8
ORD_20251018_0259_00,ORD_20251018_0259,B07F9S79LT,2,15
ORD_20251018_0259_01,ORD_20251018_0259,B09W5L2DSC,3,13
ORD_20251208_0260_00,ORD_20251208_0260,B09ZS4DRN7,1,20
ORD_20251208_0260_01,ORD_20251208_0260,B01M04GT2D,1,10
ORD_20251208_0260_02,ORD_20251208_0260,B007K8M56M,1,24
ORD_20251208_0260_03,ORD_20251208_0260,B0BBVF1QH4,3,19
ORD_20251204_0261_00,ORD_20251204_0261,B08R75SKDZ,3,26
ORD_20251204_0261_01,ORD_20251204_0261,B01L0O688M,3,42
ORD_20251204_0261_02,ORD_20251204_0261,B097TT6PG8,3,10
ORD_20251023_0262_00,ORD_20251023_0262,B004TGR80Q,3,20
ORD_20251023_0262_01,ORD_20251023_0262,B007SY4CJQ,1,21
ORD_20251008_0263_00,ORD_20251008_0263,B09QRMMC3H,1,48
ORD_20251008_0263_01,ORD_20251008_0263,B0895VQ878,3,9
ORD_20251008_0263_02,ORD_20251008_0263,B09KRFKFZ8,3,26
ORD_20251008_0263_03,ORD_20251008_0263,B0BJT8CGR6,3,1450
ORD_20251023_0264_00,ORD_20251023_0264,B0C59KGT61,3,75
ORD_20251023_0264_01,ORD_20251023_0264,B09M9SQC8Y,3,30
ORD_20251023_0264_02,ORD_20251023_0264,B07CLWJF7W,1,13
ORD_20251023_0264_03,ORD_20251023_0264,B00DB3U4S6,3,79
ORD_20251023_0264_04,ORD_20251023_0264,B07YHJ9P5N,3,185
ORD_20250924_0265_00,ORD_20250924_0265,B07D95TTW4,1,100
ORD_20250924_0265_01,ORD_20250924_0265,B0BZ74MXT2,2,27
ORD_20250924_0265_02,ORD_20250924_0265,B09N3H414R,2,12
ORD_20250924_0265_03,ORD_20250924_0265,B07ZL27FNS,1,14
ORD_20251120_0266_00,ORD_20251120_0266,B01MG3L23N,3,80
ORD_20251106_0267_00,ORD_20251106_0267,B09TWJBPGG,3,50
ORD_20251106_0267_01,ORD_20251106_0267,B00F779EIA,2,10
ORD_20251106_0267_02,ORD_20251106_0267,B00ABVSEXI,3,40
ORD_20251106_0267_03,ORD_20251106_0267,B0725SWP8N,2,45
ORD_20251130_0268_00,ORD_20251130_0268,B00TXZIMDU,3,4349
ORD_20251130_0268_01,ORD_20251130_0268,B07C1S8DXM,1,23
ORD_20251130_0268_02,ORD_20251130_0268,B0C4SFCK6F,3,10
ORD_20251130_0268_03,ORD_20251130_0268,B07KT4QJCL,1,175
ORD_20251130_0268_04,ORD_20251130_0268,B08DV2WZC4,3,18
ORD_20251018_0269_00,ORD_20251018_0269,B09K7FG65F,3,20
ORD_20251018_0269_01,ORD_20251018_0269,B00JXHCN88,1,16
ORD_20251018_0269_02,ORD_20251018_0269,B00GPUFDGK,1,23
ORD_20251214_0270_00,ORD_20251214_0270,B09YPSTJTP,2,10
ORD_20251214_0270_01,ORD_20251214_0270,B016NDIMNE,3,13
ORD_20251214_0270_02,ORD_20251214_0270,B005AT5TKM,3,7
ORD_20251130_0271_00,ORD_20251130_0271,B01JY8IAVY,3,13
ORD_20251017_0272_00,ORD_20251017_0272,B095VXTCTN,1,14
ORD_20251017_0272_01,ORD_20251017_0272,B00ANI7HI2,3,141
ORD_20251101_0273_00,ORD_20251101_0273,B00M384J1S,1,188
ORD_20251101_0273_01,ORD_20251101_0273,B000KL6KNA,3,16
ORD_20251101_0273_02,ORD_20251101_0273,B01CNW061U,2,17
ORD_20251101_0273_03,ORD_20251101_0273,B07L9CFCMC,3,410
ORD_20251128_0274_00,ORD_20251128_0274,B07QW7ZVCT,3,8
ORD_20251128_0274_01,ORD_20251128_0274,B00COKSPUQ,1,10
ORD_20251128_0274_02,ORD_20251128_0274,B00OYIS5RY,3,10
ORD_20251128_0274_03,ORD_20251128_0274,B077VVZFXT,2,45
ORD_20251128_0274_04,ORD_20251128_0274,B08RJ3KPP2,2,23
ORD_20251120_0275_00,ORD_20251120_0275,B0B214MZW1,3,13
ORD_20251120_0275_01,ORD_20251120_0275,B073V57PF5,1,12
ORD_20251120_0275_02,ORD_20251120_0275,B00FX0FFUW,2,7
ORD_20251120_0275_03,ORD_20251120_0275,B0C3CRY56Q,1,6
ORD_20251120_0275_04,ORD_20251120_0275,B0C99WC2KF,2,10
ORD_20251031_0276_00,ORD_20251031_0276,B07BYTWNLP,2,6
ORD_20251031_0276_01,ORD_20251031_0276,B01C3F8VJ6,3,16
ORD_20251031_0276_02,ORD_20251031_0276,B004VTN4A4,3,9
ORD_20251031_0276_03,ORD_20251031_0276,B0BRK8VGKK,2,40
ORD_20251031_0276_04,ORD_20251031_0276,B0C77ZH4B2,1,30
ORD_20251010_0277_00,ORD_20251010_0277,B0BTZCBWNN,1,8
ORD_20251010_0277_01,ORD_20251010_0277,B010TNQVS2,3,479
ORD_20251121_0278_00,ORD_20251121_0278,B07LFTFJVM,1,14
ORD_20251121_0278_01,ORD_20251121_0278,B09KZ5H236,3,110
ORD_20251022_0279_00,ORD_20251022_0279,B0BFG7YYGL,1,170
ORD_20251022_0279_01,ORD_20251022_0279,B08Y65YTLR,3,8
ORD_20251022_0279_02,ORD_20251022_0279,B00ZWPY9PU,2,23
ORD_20251016_0280_00,ORD_20251016_0280,B0B2CHY31J,1,47
ORD_20251016_0280_01,ORD_20251016_0280,B00CIX0KI4,3,10
ORD_20251016_0280_02,ORD_20251016_0280,B07G2RG7JH,3,189
ORD_20251016_0280_03,ORD_20251016_0280,B00U1SM176,2,1000
ORD_20251016_0280_04,ORD_20251016_0280,B0BWDQDY7F,2,28
ORD_20251210_0281_00,ORD_20251210_0281,B0841YHNC3,2,120
ORD_20251210_0281_01,ORD_20251210_0281,B08MQKT3RQ,3,14
ORD_20251210_0281_02,ORD_20251210_0281,B07581ZLYH,2,30
ORD_20251210_0281_03,ORD_20251210_0281,B0881JRL8Q,2,19
ORD_20251210_0281_04,ORD_20251210_0281,B06Y1BHYVK,1,64
ORD_20251105_0282_00,ORD_20251105_0282,B00CY36N0M,3,15
ORD_20251105_0282_01,ORD_20251105_0282,B0BVW56J93,3,19
ORD_20251105_0282_02,ORD_20251105_0282,B001HXGO0O,1,17
ORD_20251105_0282_03,ORD_20251105_0282,B07D3X5PF3,1,190
ORD_20251127_0283_00,ORD_20251127_0283,B0CF5HS41N,1,120
ORD_20251127_0283_01,ORD_20251127_0283,B07WWY8Q7L,2,37
ORD_20251112_0284_00,ORD_20251112_0284,B0965JGNHD,3,495
ORD_20251112_0284_01,ORD_20251112_0284,B0035Y1HT6,1,21
ORD_20251112_0284_02,ORD_20251112_0284,B01G2R5JY6,1,5
ORD_20251110_0285_00,ORD_20251110_0285,B09N3RS6N4,2,90
ORD_20251110_0285_01,ORD_20251110_0285,B07P9WY25C,1,500
ORD_20251110_0285_02,ORD_20251110_0285,B09YH2BBVG,2,33
ORD_20250927_0286_00,ORD_20250927_0286,B09LQFS7F8,3,10
ORD_20250927_0286_01,ORD_20250927_0286,B0C612WJHX,1,27
ORD_20250927_0286_02,ORD_20250927_0286,B07YZ5432M,1,13
ORD_20250927_0286_03,ORD_20250927_0286,B074H12DHR,3,19
ORD_20251213_0287_00,ORD_20251213_0287,B07PCMFXNR,3,46
ORD_20251213_0287_01,ORD_20251213_0287,B07R1V2TH1,2,58
ORD_20251213_0287_02,ORD_20251213_0287,B07B1XPZKF,3,17
ORD_20251106_0288_00,ORD_20251106_0288,B01HTUDSSE,1,70
ORD_20251106_0288_01,ORD_20251106_0288,B07Y5BSY6B,3,33
ORD_20251106_0288_02,ORD_20251106_0288,B09YXQ2RHF,1,10
ORD_20251106_0288_03,ORD_20251106_0288,B09S8QPCK1,3,20
ORD_20251102_0289_00,ORD_20251102_0289,B0B4SBW7PF,3,160
ORD_20251212_0290_00,ORD_20251212_0290,B0B2967BTZ,1,13
ORD_20251212_0290_01,ORD_20251212_0290,B00HZ8Q428,3,7
ORD_20251212_0290_02,ORD_20251212_0290,B003IDUXD0,2,75
ORD_20251212_0290_03,ORD_20251212_0290,B0BPC5Z67N,2,18
ORD_20251212_0290_04,ORD_20251212_0290,B073K2HRZT,3,355
ORD_20251218_0291_00,ORD_20251218_0291,B0C72M1NKQ,3,30
ORD_20251218_0291_01,ORD_20251218_0291,B00B7XGU7G,3,37
ORD_20251218_0291_02,ORD_20251218_0291,B0C5X9J54V,1,40
ORD_20251218_0291_03,ORD_20251218_0291,B00ITZN1KY,3,13
ORD_20251002_0292_00,ORD_20251002_0292,B0BYSDB76V,2,15
ORD_20251002_0292_01,ORD_20251002_0292,B009VJE2SW,2,6
ORD_20251002_0292_02,ORD_20251002_0292,B08GPFK8TR,2,29
ORD_20251222_0293_00,ORD_20251222_0293,B08SJCHS5C,3,45
ORD_20251222_0293_01,ORD_20251222_0293,B06X6B6SN4,2,25
ORD_20251222_0293_02,ORD_20251222_0293,B071NPMFKN,2,9
ORD_20251123_0294_00,ORD_20251123_0294,B078JJJGTZ,2,12
ORD_20251123_0294_01,ORD_20251123_0294,B0BHN6W7BG,1,15
ORD_20251123_0294_02,ORD_20251123_0294,B07PJCWXTF,1,38
ORD_20251029_0295_00,ORD_20251029_0295,B00BV1CA8M,1,30
ORD_20251029_0295_01,ORD_20251029_0295,B09KTFJMNS,1,17
ORD_20251029_0295_02,ORD_20251029_0295,B00829TPNO,1,8
ORD_20251029_0295_03,ORD_20251029_0295,B091K7L274,2,30
ORD_20251029_0295_04,ORD_20251029_0295,B0B9JKBBRW,1,45
ORD_20251004_0296_00,ORD_20251004_0296,B096FF9XRW,1,18
ORD_20251206_0297_00,ORD_20251206_0297,B00005I9PZ,1,850
ORD_20251030_0298_00,ORD_20251030_0298,B094R7PDM1,1,9
ORD_20251030_0298_01,ORD_20251030_0298,B07TJS3KB6,1,14
ORD_20251030_0298_02,ORD_20251030_0298,B09JGFX67T,1,80
ORD_20251030_0298_03,ORD_20251030_0298,B00MX5S5ES,2,10
ORD_20251128_0299_00,ORD_20251128_0299,B071YSY3T7,2,17
ORD_20251128_0299_01,ORD_20251128_0299,B07ZTKHR59,1,24
ORD_20251128_0299_02,ORD_20251128_0299,B09BFQ4QV3,3,8
ORD_20251128_0299_03,ORD_20251128_0299,B01E81OT2G,1,43
ORD_20251126_0300_00,ORD_20251126_0300,B00AB1CG78,3,8
ORD_20251126_0300_01,ORD_20251126_0300,B0BGX5BGGT,3,36
ORD_20251126_0300_02,ORD_20251126_0300,B01HI6TVTE,3,9
ORD_20251106_0301_00,ORD_20251106_0301,B00KDGJ2K0,3,12
ORD_20251106_0301_01,ORD_20251106_0301,B07LG8YWLN,2,6
ORD_20251207_0302_00,ORD_20251207_0302,B09HJ9GHHP,3,9
ORD_20251207_0302_01,ORD_20251207_0302,B09YPQV6G4,3,49
ORD_20251211_0303_00,ORD_20251211_0303,B07VFSNNHF,2,97
ORD_20251211_0303_01,ORD_20251211_0303,B00YCBS7XK,3,180
ORD_20251211_0303_02,ORD_20251211_0303,B07CDD5S3R,1,183
ORD_20251211_0303_03,ORD_20251211_0303,B00HJKPIE2,3,14
ORD_20251012_0304_00,ORD_20251012_0304,B0969N9672,3,37
ORD_20251012_0304_01,ORD_20251012_0304,B0BM46C3P6,1,23
ORD_20251012_0304_02,ORD_20251012_0304,B00NY21IKW,2,14
ORD_20251012_0304_03,ORD_20251012_0304,B087R7CNGV,1,80
ORD_20251014_0305_00,ORD_20251014_0305,B00FJDH72M,3,22
ORD_20251014_0305_01,ORD_20251014_0305,B00GU1NYN8,3,156
ORD_20251014_0305_02,ORD_20251014_0305,B071HWRF8C,1,8
ORD_20251014_0305_03,ORD_20251014_0305,B0CBXNVM3Z,1,2700
ORD_20251014_0305_04,ORD_20251014_0305,B07ZYK5N6W,3,11
ORD_20251106_0306_00,ORD_20251106_0306,B0BN8XH91Q,2,16
ORD_20251106_0306_01,ORD_20251106_0306,B007YV0UQW,3,8
ORD_20251106_0306_02,ORD_20251106_0306,B084BPLZ6N,1,22
ORD_20251106_0306_03,ORD_20251106_0306,B08B1J98XV,3,25
ORD_20251106_0306_04,ORD_20251106_0306,B096K6HMWS,3,17
ORD_20251013_0307_00,ORD_20251013_0307,B0BGJKW354,1,1400
ORD_20251013_0307_01,ORD_20251013_0307,B01M0TGRLB,1,80
ORD_20251013_0307_02,ORD_20251013_0307,B013Y1JKFC,3,22
ORD_20251127_0308_00,ORD_20251127_0308,B091281Y7B,3,30
ORD_20251127_0308_01,ORD_20251127_0308,B076ZB6F4D,3,999
ORD_20250924_0309_00,ORD_20250924_0309,B07QD3HGP1,1,7
ORD_20250924_0309_01,ORD_20250924_0309,B09PCSP5VG,3,9
ORD_20250924_0309_02,ORD_20250924_0309,B07QT7C8DT,2,14
ORD_20251030_0310_00,ORD_20251030_0310,B07P24V5QM,3,17
ORD_20251017_0311_00,ORD_20251017_0311,B00DSPNDTE,1,23
ORD_20251017_0311_01,ORD_20251017_0311,B009LEKL3M,3,170
ORD_20251209_0312_00,ORD_20251209_0312,B08XJJ11CH,1,16
ORD_20251209_0312_01,ORD_20251209_0312,B00DZOENHO,1,161
ORD_20251209_0312_02,ORD_20251209_0312,B07H3TMC6Q,3,9
ORD_20251007_0313_00,ORD_20251007_0313,B09XJZ4318,2,12
ORD_20251007_0313_01,ORD_20251007_0313,B07L2K95MK,3,20
ORD_20251007_0313_02,ORD_20251007_0313,B074NZXB6S,2,15
ORD_20251125_0314_00,ORD_20251125_0314,B07F8GRZ7D,1,59
ORD_20251125_0314_01,ORD_20251125_0314,B07N89T2FW,3,270
ORD_20251125_0314_02,ORD_20251125_0314,B07R6KT6ZV,1,14
ORD_20251125_0314_03,ORD_20251125_0314,B09JK23T2G,2,29
ORD_20251125_0314_04,ORD_20251125_0314,B07L3QQZBR,3,80
ORD_20251124_0315_00,ORD_20251124_0315,B07KVY1Z6L,1,99
ORD_20251124_0315_01,ORD_20251124_0315,B01FW298NK,1,46
ORD_20251124_0315_02,ORD_20251124_0315,B09MFNXNCY,2,13
ORD_20251009_0316_00,ORD_20251009_0316,B0045AE09S,3,484
ORD_20251009_0316_01,ORD_20251009_0316,B005ZTIC5G,1,13
ORD_20251009_0316_02,ORD_20251009_0316,B01JS7TM5E,3,462
ORD_20250925_0317_00,ORD_20250925_0317,B00KFNY3R8,2,19
ORD_20250925_0317_01,ORD_20250925_0317,B00XNFRPTS,2,1000
ORD_20250925_0317_02,ORD_20250925_0317,B09MSZ68D4,2,40
ORD_20250925_0317_03,ORD_20250925_0317,B07FHWB2V4,2,5
ORD_20250925_0317_04,ORD_20250925_0317,B083NNF18X,1,20
ORD_20251016_0318_00,ORD_20251016_0318,B076B9CM3T,3,43
ORD_20251016_0318_01,ORD_20251016_0318,B072MDFSPZ,3,10
ORD_20251016_0318_02,ORD_20251016_0318,B00PNFAW1Y,2,15
ORD_20251016_0318_03,ORD_20251016_0318,B01NGYJTR4,2,10
ORD_20251016_0318_04,ORD_20251016_0318,B00FYWN4WK,3,25
ORD_20251204_0319_00,ORD_20251204_0319,B0B2YLJRHH,3,406
ORD_20251019_0320_00,ORD_20251019_0320,B09LG5R8TT,3,201
ORD_20251019_0320_01,ORD_20251019_0320,B01MRI84U6,1,19
ORD_20251005_0321_00,ORD_20251005_0321,B083HZ6D34,2,7
ORD_20251005_0321_01,ORD_20251005_0321,B000DZH42Y,3,120
ORD_20251005_0321_02,ORD_20251005_0321,B08T9P5JFK,3,17
ORD_20251005_0321_03,ORD_20251005_0321,B01EF6LE18,1,22
ORD_20251005_0321_04,ORD_20251005_0321,B07VC9K5KP,1,70
ORD_20251111_0322_00,ORD_20251111_0322,B08WZ2H6B5,1,80
ORD_20251217_0323_00,ORD_20251217_0323,B07W3NR6DD,1,25
ORD_20251217_0323_01,ORD_20251217_0323,B01LT78S3I,3,19
ORD_20251204_0324_00,ORD_20251204_0324,B07C668QWG,3,51
ORD_20251110_0325_00,ORD_20251110_0325,B00264Z6AM,3,400
ORD_20251110_0325_01,ORD_20251110_0325,B019280FIC,3,15
ORD_20251110_0325_02,ORD_20251110_0325,B019DW05FU,3,999
ORD_20251110_0325_03,ORD_20251110_0325,B0B8231CPK,1,10
ORD_20251110_0325_04,ORD_20251110_0325,B00UEAHM9S,2,200
ORD_20251127_0326_00,ORD_20251127_0326,B07THRDS21,1,55
ORD_20251127_0326_01,ORD_20251127_0326,B07T3FMWXJ,2,57
ORD_20251127_0326_02,ORD_20251127_0326,B09716MGHJ,3,12
ORD_20251115_0327_00,ORD_20251115_0327,B017ZYSYF6,2,1609
ORD_20251115_0327_01,ORD_20251115_0327,B07RRZKGVD,3,18
ORD_20251115_0327_02,ORD_20251115_0327,B00PUTH3B0,3,23
ORD_20251115_0327_03,ORD_20251115_0327,B01ACN7SCM,1,15
ORD_20251220_0328_00,ORD_20251220_0328,B08RCQ75NC,1,9
ORD_20251220_0328_01,ORD_20251220_0328,B07JMK51YL,2,50
ORD_20251220_0328_02,ORD_20251220_0328,B0BS3L7W4J,3,80
ORD_20251220_0328_03,ORD_20251220_0328,B01N6YXD8X,2,22
ORD_20251220_0328_04,ORD_20251220_0328,B08FZRWSSB,2,27
ORD_20251003_0329_00,ORD_20251003_0329,B0BBRNGD4C,2,46
ORD_20251003_0329_01,ORD_20251003_0329,B09XB7TZGV,2,57
ORD_20251003_0329_02,ORD_20251003_0329,B003E77BA8,3,25
ORD_20251003_0329_03,ORD_20251003_0329,B07KT16R6J,1,60
ORD_20251122_0330_00,ORD_20251122_0330,B0002KR94I,1,4
ORD_20251122_0330_01,ORD_20251122_0330,B00FN890UU,3,50
ORD_20251122_0330_02,ORD_20251122_0330,B08FJFM8P4,1,10
ORD_20251028_0331_00,ORD_20251028_0331,B072LG1XQ3,1,7
ORD_20251028_0331_01,ORD_20251028_0331,B01N8T0F5E,3,89
ORD_20251219_0332_00,ORD_20251219_0332,B09D5MVB96,1,30
ORD_20251219_0332_01,ORD_20251219_0332,B00FL026EM,1,60
ORD_20251219_0332_02,ORD_20251219_0332,B08WJRYLYR,1,180
ORD_20251219_0332_03,ORD_20251219_0332,B00X0NU5AY,1,32
ORD_20251123_0333_00,ORD_20251123_0333,B00B9ZAVY0,1,174
ORD_20250930_0334_00,ORD_20250930_0334,B087D82DLL,1,175
ORD_20250930_0334_01,ORD_20250930_0334,B08CMRJXHX,1,10
ORD_20250930_0334_02,ORD_20250930_0334,B00R57L9WE,1,32
ORD_20250930_0334_03,ORD_20250930_0334,B003CYKAGA,2,4
ORD_20250928_0335_00,ORD_20250928_0335,B09NZH4FW4,2,28
ORD_20250928_0335_01,ORD_20250928_0335,B00KTIMRG8,3,17
ORD_20251029_0336_00,ORD_20251029_0336,B0CBBRYRWG,3,18
ORD_20251015_0337_00,ORD_20251015_0337,B09X2X78MM,2,40
ORD_20251102_0338_00,ORD_20251102_0338,B084YYZMGV,3,198
ORD_20251114_0339_00,ORD_20251114_0339,B09B71TGQS,3,9
ORD_20251114_0339_01,ORD_20251114_0339,B08G8982Z2,3,18
ORD_20251114_0339_02,ORD_20251114_0339,B0794R7H5M,1,46
ORD_20251114_0339_03,ORD_20251114_0339,B07M8G1C31,2,6
ORD_20251009_0340_00,ORD_20251009_0340,B0C6GZVPFZ,1,12
ORD_20251009_0340_01,ORD_20251009_0340,B09BQYWJFN,1,620
ORD_20251009_0340_02,ORD_20251009_0340,B00AR04OI2,2,20
ORD_20251009_0340_03,ORD_20251009_0340,B00J91MKSG,3,10
ORD_20251009_0340_04,ORD_20251009_0340,B08RB9D82P,3,10
ORD_20250925_0341_00,ORD_20250925_0341,B00RXM3I9I,1,1640
ORD_20250925_0341_01,ORD_20250925_0341,B00D6Q6D8S,3,42
ORD_20251103_0342_00,ORD_20251103_0342,B01MUG9GWV,2,12
ORD_20251103_0342_01,ORD_20251103_0342,B0BHHTR1BZ,3,33
ORD_20251103_0342_02,ORD_20251103_0342,B004HGTRHU,3,28
ORD_20251103_0342_03,ORD_20251103_0342,B0BGKFC1G8,1,9
ORD_20251103_0342_04,ORD_20251103_0342,B08N5C139T,1,188
ORD_20251113_0343_00,ORD_20251113_0343,B094NBGCDG,1,6
ORD_20251113_0343_01,ORD_20251113_0343,B00DYNRWX8,1,23
ORD_20251113_0343_02,ORD_20251113_0343,B0019D33ZG,3,30
ORD_20251014_0344_00,ORD_20251014_0344,B0049VTIWM,2,19
ORD_20251014_0344_01,ORD_20251014_0344,B00JXPHMIQ,2,287
ORD_20251014_0344_02,ORD_20251014_0344,B01LXK9LW6,1,10
ORD_20251014_0344_03,ORD_20251014_0344,B0B8YGS9D9,3,10
ORD_20251003_0345_00,ORD_20251003_0345,B003TPP5QW,1,52
ORD_20250928_0346_00,ORD_20250928_0346,B07679GGJG,1,200
ORD_20250928_0346_01,ORD_20250928_0346,B08RHHQ4V7,2,38
ORD_20250928_0346_02,ORD_20250928_0346,B09MZ2SX8F,1,20
ORD_20251012_0347_00,ORD_20251012_0347,B00EAUSK9Y,2,4
ORD_20251012_0347_01,ORD_20251012_0347,B0895T2QCP,2,10
ORD_20251012_0347_02,ORD_20251012_0347,B000H2YEFS,2,498
ORD_20251012_0347_03,ORD_20251012_0347,B0722JD27L,1,35
ORD_20251205_0348_00,ORD_20251205_0348,B003BK1RUI,3,22
ORD_20251205_0348_01,ORD_20251205_0348,B0000DD7PE,1,26
ORD_20251205_0348_02,ORD_20251205_0348,B084V35G3C,3,80
ORD_20251022_0349_00,ORD_20251022_0349,B072B7HVY8,3,15
ORD_20251022_0349_01,ORD_20251022_0349,B099YV8C5L,3,25
ORD_20251022_0349_02,ORD_20251022_0349,B09M95WK5F,3,3
ORD_20251017_0350_00,ORD_20251017_0350,B08TQGSLHQ,1,9
ORD_20251017_0350_01,ORD_20251017_0350,B06W59915S,1,13
ORD_20251017_0350_02,ORD_20251017_0350,B084G8G5G9,1,135
ORD_20251017_0350_03,ORD_20251017_0350,B0991K623S,2,224
ORD_20251217_0351_00,ORD_20251217_0351,B0B36D2TZ3,1,178
ORD_20251217_0351_01,ORD_20251217_0351,B0BS3GT53T,2,100
ORD_20251217_0351_02,ORD_20251217_0351,B07QK4T1BZ,2,70
ORD_20251217_0351_03,ORD_20251217_0351,B0823TD2PL,3,7
ORD_20251217_0351_04,ORD_20251217_0351,B08718Q168,3,8
ORD_20251102_0352_00,ORD_20251102_0352,B08L88D3ZL,1,17
ORD_20251001_0353_00,ORD_20251001_0353,B07X2YNR2W,2,6
ORD_20251001_0353_01,ORD_20251001_0353,B0BR5BR1TM,2,150
ORD_20251015_0354_00,ORD_20251015_0354,B0BFPVN64M,1,50
ORD_20251015_0354_01,ORD_20251015_0354,B07XH3VDPW,2,12
ORD_20251015_0354_02,ORD_20251015_0354,B098Q6845K,2,196
ORD_20251015_0354_03,ORD_20251015_0354,B09JKDB2C6,3,130
ORD_20251015_0354_04,ORD_20251015_0354,B09FSYDT9P,3,30
ORD_20251113_0355_00,ORD_20251113_0355,B00W54ZU04,2,9
ORD_20251114_0356_00,ORD_20251114_0356,B07B5TH87D,1,880
ORD_20251114_0356_01,ORD_20251114_0356,B0B4Q16HBS,1,78
ORD_20251114_0356_02,ORD_20251114_0356,B016YSAQ8W,1,49
ORD_20251203_0357_00,ORD_20251203_0357,B07L6JJQKQ,3,2749
ORD_20251203_0357_01,ORD_20251203_0357,B01KN813MC,3,16
ORD_20251203_0357_02,ORD_20251203_0357,B0C8M74K43,1,29
ORD_20251203_0357_03,ORD_20251203_0357,B08V19SJND,1,56
ORD_20251222_0358_00,ORD_20251222_0358,B01DVYAA8I,2,16
ORD_20250929_0359_00,ORD_20250929_0359,B06X9Z9YZG,2,12
ORD_20250929_0359_01,ORD_20250929_0359,B0B39BZBQ2,2,15
ORD_20250929_0359_02,ORD_20250929_0359,B07P1VYQQ2,3,194
ORD_20250929_0359_03,ORD_20250929_0359,B0002ZPLAM,2,34
ORD_20250929_0359_04,ORD_20250929_0359,B00LEJUMGS,2,14
ORD_20251208_0360_00,ORD_20251208_0360,B07CN19SB7,1,15
ORD_20251208_0360_01,ORD_20251208_0360,B09Y8Y83Q6,3,26
ORD_20251208_0360_02,ORD_20251208_0360,B0943XDHB7,2,8
ORD_20251208_0360_03,ORD_20251208_0360,B00IMTQ6I6,3,1088
ORD_20251208_0360_04,ORD_20251208_0360,B083VRG3LR,1,29
ORD_20251027_0361_00,ORD_20251027_0361,B00E5P7A6S,3,2
ORD_20251029_0362_00,ORD_20251029_0362,B09BBRX3M3,3,60
ORD_20251029_0362_01,ORD_20251029_0362,B09LLPVT3J,3,20
ORD_20251029_0362_02,ORD_20251029_0362,B00FAH7SUS,3,18
ORD_20251029_0362_03,ORD_20251029_0362,B000M4J2O4,1,180
ORD_20251029_0362_04,ORD_20251029_0362,B082K8TYJ6,2,21
ORD_20251113_0363_00,ORD_20251113_0363,B0B5DJ2PFV,3,25
ORD_20251113_0363_01,ORD_20251113_0363,B0927YMR28,2,7
ORD_20251113_0363_02,ORD_20251113_0363,B004TGFWCW,2,46
ORD_20251113_0363_03,ORD_20251113_0363,B0BMTYLL2K,2,50
ORD_20251219_0364_00,ORD_20251219_0364,B087N7FY1G,2,15
ORD_20251010_0365_00,ORD_20251010_0365,B09NDRPNRV,3,90
ORD_20251015_0366_00,ORD_20251015_0366,B00WBCBYPK,2,10
ORD_20251015_0366_01,ORD_20251015_0366,B01GE9X9GW,1,7
ORD_20251015_0366_02,ORD_20251015_0366,B001DZFYPW,2,590
ORD_20251015_0366_03,ORD_20251015_0366,B0BZ84F8D9,1,16
ORD_20250925_0367_00,ORD_20250925_0367,B07QX78XSL,1,8
ORD_20251130_0368_00,ORD_20251130_0368,B07PMJ1BKD,2,14
ORD_20251130_0368_01,ORD_20251130_0368,B09XQNCZMD,3,250
ORD_20251130_0368_02,ORD_20251130_0368,B01C7YYMR8,3,81
ORD_20251130_0368_03,ORD_20251130_0368,B09XFM3FPJ,1,57
ORD_20251002_0369_00,ORD_20251002_0369,B0199AU6OQ,2,15
ORD_20251002_0369_01,ORD_20251002_0369,B00UCDF4GU,3,1000
ORD_20251011_0370_00,ORD_20251011_0370,B08SJBNGP8,3,16
ORD_20251011_0370_01,ORD_20251011_0370,B00009W3FJ,1,6
ORD_20251011_0370_02,ORD_20251011_0370,B09CYRVPT2,3,20
ORD_20251013_0371_00,ORD_20251013_0371,B013FDA5R6,1,102
ORD_20251008_0372_00,ORD_20251008_0372,B07V9PCZQH,2,15
ORD_20251008_0372_01,ORD_20251008_0372,B01K62LWBC,3,35
ORD_20251008_0372_02,ORD_20251008_0372,B0036VO4SE,1,80
ORD_20251103_0373_00,ORD_20251103_0373,B0BRX7WJLH,1,306
ORD_20251103_0373_01,ORD_20251103_0373,B00807AI70,1,600
ORD_20251103_0373_02,ORD_20251103_0373,B09NMQK6Y2,3,1532
ORD_20251103_0373_03,ORD_20251103_0373,B074BBB7FX,1,147
ORD_20251205_0374_00,ORD_20251205_0374,B07MCDSP1F,3,29
ORD_20251205_0374_01,ORD_20251205_0374,B001QVG26I,2,33
ORD_20251205_0374_02,ORD_20251205_0374,B08G1VVJBC,2,12
ORD_20251205_0374_03,ORD_20251205_0374,B08JJCCLGL,2,10
ORD_20251010_0375_00,ORD_20251010_0375,B06XY76FZ4,2,17
ORD_20251010_0375_01,ORD_20251010_0375,B074PNTC8L,3,35
ORD_20251105_0376_00,ORD_20251105_0376,B09MT9VX6S,3,9
ORD_20251105_0376_01,ORD_20251105_0376,B07XXY8JMJ,1,119
ORD_20251105_0376_02,ORD_20251105_0376,B0C33ZNKDZ,3,36
ORD_20251105_0376_03,ORD_20251105_0376,B0BPLZ74PM,3,25
ORD_20251002_0377_00,ORD_20251002_0377,B08XB1HH5G,2,12
ORD_20251002_0377_01,ORD_20251002_0377,B07PJZV624,2,12
ORD_20251002_0377_02,ORD_20251002_0377,B011RKJURK,3,10
ORD_20251115_0378_00,ORD_20251115_0378,B0052FVPH0,3,9
ORD_20251010_0379_00,ORD_20251010_0379,B06XDZW1S1,1,7
ORD_20251010_0379_01,ORD_20251010_0379,B07YM412F8,1,76
ORD_20251010_0379_02,ORD_20251010_0379,B08RJX39J9,3,74
ORD_20251117_0380_00,ORD_20251117_0380,B09GLS3VD2,3,16
ORD_20251117_0380_01,ORD_20251117_0380,B00WGMISZE,3,47
ORD_20251117_0380_02,ORD_20251117_0380,B07BJ1TC65,1,16
ORD_20251122_0381_00,ORD_20251122_0381,B0BLVD129L,1,290
ORD_20251103_0382_00,ORD_20251103_0382,B07PR5FGR5,3,51
ORD_20251103_0382_01,ORD_20251103_0382,B00IJJ0306,2,25
ORD_20251103_0382_02,ORD_20251103_0382,B0B8Q7QMJQ,1,15
ORD_20251103_0382_03,ORD_20251103_0382,B00U5ZT1TG,1,60
ORD_20251023_0383_00,ORD_20251023_0383,B00DNGKDQ4,2,13
ORD_20251023_0383_01,ORD_20251023_0383,B075Q4245L,2,14
ORD_20251104_0384_00,ORD_20251104_0384,B0BZ6Q19TP,3,170
ORD_20251118_0385_00,ORD_20251118_0385,B0BC122RS2,3,20
ORD_20251128_0386_00,ORD_20251128_0386,B07Q7GVJQC,3,20
ORD_20251128_0386_01,ORD_20251128_0386,B09CTNCBFG,1,40
ORD_20251209_0387_00,ORD_20251209_0387,B0B9H1YV4K,1,7
ORD_20251209_0387_01,ORD_20251209_0387,B07KPHF8XM,1,12
ORD_20251125_0388_00,ORD_20251125_0388,B00G262QEY,1,113
ORD_20250924_0389_00,ORD_20250924_0389,B0845XBJTW,2,1679
ORD_20250924_0389_01,ORD_20250924_0389,B07M8QV87J,2,12
ORD_20250924_0389_02,ORD_20250924_0389,B099ZFLYVJ,3,17
ORD_20251215_0390_00,ORD_20251215_0390,B01N9S943T,1,35
ORD_20251215_0390_01,ORD_20251215_0390,B08V97H5H8,2,38
ORD_20251215_0390_02,ORD_20251215_0390,B07TJGZWJ1,1,26
ORD_20251001_0391_00,ORD_20251001_0391,B005E2XVLE,1,28
ORD_20251001_0391_01,ORD_20251001_0391,B081TSKDBS,1,30
ORD_20251001_0391_02,ORD_20251001_0391,B00068TSFE,1,89
ORD_20251001_0391_03,ORD_20251001_0391,B00FY3XGNQ,1,5
ORD_20251001_0391_04,ORD_20251001_0391,B001M4HTHU,3,13
ORD_20250930_0392_00,ORD_20250930_0392,B017GPNPL2,3,8
ORD_20250930_0392_01,ORD_20250930_0392,B08GLXWCSQ,1,3
ORD_20250930_0392_02,ORD_20250930_0392,B09NBGKFW1,3,26
ORD_20250930_0392_03,ORD_20250930_0392,B0C72PH7C7,3,50
ORD_20251214_0393_00,ORD_20251214_0393,B000V2PO30,3,36
ORD_20251214_0393_01,ORD_20251214_0393,B001GCUMUO,2,515
ORD_20251214_0393_02,ORD_20251214_0393,B016VJXZRS,2,10
ORD_20251214_0393_03,ORD_20251214_0393,B0C6PJJ27Q,1,90
ORD_20251025_0394_00,ORD_20251025_0394,B00A6U7V7O,2,7
ORD_20251025_0394_01,ORD_20251025_0394,B089LL4TPM,3,3
ORD_20250925_0395_00,ORD_20250925_0395,B07X8HHJ3T,3,16
ORD_20251008_0396_00,ORD_20251008_0396,B07TV3282J,1,26
ORD_20251008_0396_01,ORD_20251008_0396,B09J81VCLX,1,17
ORD_20251008_0396_02,ORD_20251008_0396,B00WU4F1LW,2,7
ORD_20251008_0396_03,ORD_20251008_0396,B0BGSCR9GZ,1,10
ORD_20251125_0397_00,ORD_20251125_0397,B0CHBCD1B7,3,29
ORD_20251125_0397_01,ORD_20251125_0397,B09N321MRZ,1,14
ORD_20251125_0397_02,ORD_20251125_0397,B00178M1HE,2,25
ORD_20251125_0397_03,ORD_20251125_0397,B0BQ89Y9X8,3,56
ORD_20251125_0397_04,ORD_20251125_0397,B001BJPBRG,1,55
ORD_20250930_0398_00,ORD_20250930_0398,B06Y3L7V27,1,39
ORD_20250930_0398_01,ORD_20250930_0398,B0BK1K964Y,2,10
ORD_20251007_0399_00,ORD_20251007_0399,B00Q0FUR7U,2,125
ORD_20250926_0400_00,ORD_20250926_0400,B07TG21N57,2,11
ORD_20250926_0400_01,ORD_20250926_0400,B0BLHQC95V,1,269
ORD_20250926_0400_02,ORD_20250926_0400,B0828XY1C1,1,20
ORD_20251105_0401_00,ORD_20251105_0401,B011RUUH9K,1,26
ORD_20251105_0401_01,ORD_20251105_0401,B088M5Z83N,3,10
ORD_20251222_0402_00,ORD_20251222_0402,B0B2L7VB1Y,2,28
ORD_20251002_0403_00,ORD_20251002_0403,B07VSPV8DN,3,10
ORD_20251002_0403_01,ORD_20251002_0403,B0C1SGKMSQ,1,25
ORD_20251002_0403_02,ORD_20251002_0403,B08X1PK29Q,3,50
ORD_20251002_0403_03,ORD_20251002_0403,B09Q8WNVLM,2,90
ORD_20251012_0404_00,ORD_20251012_0404,B09YH5VC3X,3,7
ORD_20251003_0405_00,ORD_20251003_0405,B000MTEEPQ,1,480
ORD_20250928_0406_00,ORD_20250928_0406,B08HGJHVF6,2,15
ORD_20251025_0407_00,ORD_20251025_0407,B09TP2S59N,1,6
ORD_20251122_0408_00,ORD_20251122_0408,B08R13W9Q4,1,26
ORD_20251122_0408_01,ORD_20251122_0408,B071XHQJG8,2,7
ORD_20251122_0408_02,ORD_20251122_0408,B09Q37DFJ7,1,259
ORD_20251122_0408_03,ORD_20251122_0408,B075FJMMHL,1,814
ORD_20251122_0408_04,ORD_20251122_0408,B01EU62W7S,1,16
ORD_20251023_0409_00,ORD_20251023_0409,B0B78G5DJS,2,668
ORD_20251023_0409_01,ORD_20251023_0409,B0107G2TMS,2,100
ORD_20251023_0409_02,ORD_20251023_0409,B0B2L9QGVW,1,9
ORD_20251023_0409_03,ORD_20251023_0409,B00VWXC7MS,2,5
ORD_20251206_0410_00,ORD_20251206_0410,B097QC8CWF,2,13
ORD_20251206_0410_01,ORD_20251206_0410,B08MZHQ4M3,2,22
ORD_20251206_0410_02,ORD_20251206_0410,B09J56CXTY,1,59
ORD_20251206_0410_03,ORD_20251206_0410,B0827DHYFG,2,4
ORD_20251206_0410_04,ORD_20251206_0410,B08CXXV5P9,1,20
ORD_20251013_0411_00,ORD_20251013_0411,B08CNJBZQL,2,277
ORD_20251013_0411_01,ORD_20251013_0411,B00M8AJ6OG,1,290
ORD_20251013_0411_02,ORD_20251013_0411,B097T8MDK1,3,12
ORD_20251013_0411_03,ORD_20251013_0411,B08L8YDX4T,2,55
ORD_20251124_0412_00,ORD_20251124_0412,B07CWC8CKL,1,8
ORD_20251124_0412_01,ORD_20251124_0412,B00XHWWW6I,1,16
ORD_20251016_0413_00,ORD_20251016_0413,B07GCRK4HZ,2,228
ORD_20251031_0414_00,ORD_20251031_0414,B00HWG357K,1,6
ORD_20251031_0414_01,ORD_20251031_0414,B019GCTZ94,3,17
ORD_20251025_0415_00,ORD_20251025_0415,B07BM9ZKW6,1,40
ORD_20251025_0415_01,ORD_20251025_0415,B08PVCLFW3,2,41
ORD_20251025_0415_02,ORD_20251025_0415,B09WYJ6HP2,3,148
ORD_20251025_0415_03,ORD_20251025_0415,B00A82GH8E,2,25
ORD_20251025_0415_04,ORD_20251025_0415,B08RMXXWNY,3,40
ORD_20251218_0416_00,ORD_20251218_0416,B08LMWQ723,3,25
ORD_20251218_0416_01,ORD_20251218_0416,B084Z57SQH,1,11
ORD_20251218_0416_02,ORD_20251218_0416,B01D9G6I1G,3,40
ORD_20251024_0417_00,ORD_20251024_0417,B07B9NT91K,1,500
ORD_20251024_0417_01,ORD_20251024_0417,B0169EN40I,2,15
ORD_20251024_0417_02,ORD_20251024_0417,B07VKJ2YNG,1,28
ORD_20251124_0418_00,ORD_20251124_0418,B07PHHBGLB,1,1100
ORD_20251124_0418_01,ORD_20251124_0418,B07QW25WVT,2,28
ORD_20251124_0418_02,ORD_20251124_0418,B09132CXGZ,2,11
ORD_20251023_0419_00,ORD_20251023_0419,B0932ZCQFZ,2,19
ORD_20251023_0419_01,ORD_20251023_0419,B08WHNDTJM,1,234
ORD_20251023_0419_02,ORD_20251023_0419,B01GD1JVVS,1,14
ORD_20251023_0419_03,ORD_20251023_0419,B003IEZBLS,2,6
ORD_20251023_0419_04,ORD_20251023_0419,B00S3SP86W,1,10
ORD_20251208_0420_00,ORD_20251208_0420,B0BBZRDYCR,2,49
ORD_20251208_0420_01,ORD_20251208_0420,B002MRF20M,2,41
ORD_20251001_0421_00,ORD_20251001_0421,B0BR6JNFV2,1,13
ORD_20251001_0421_01,ORD_20251001_0421,B08MDYBQQR,3,34
ORD_20251001_0422_00,ORD_20251001_0422,B0BSGN98WT,1,25
ORD_20251001_0422_01,ORD_20251001_0422,B00M8KNNP4,2,16
ORD_20251001_0422_02,ORD_20251001_0422,B0B716DFZ2,1,9
ORD_20251001_0422_03,ORD_20251001_0422,B09LV19WMX,2,20
ORD_20251001_0422_04,ORD_20251001_0422,B0BXB15K6B,2,100
ORD_20251025_0423_00,ORD_20251025_0423,B0BTBQ1WZB,1,30
ORD_20251025_0423_01,ORD_20251025_0423,B00J80F18O,1,42
ORD_20251025_0423_02,ORD_20251025_0423,B09631QKHZ,1,20
ORD_20251025_0423_03,ORD_20251025_0423,B0BFHVCYL9,1,14
ORD_20251025_0423_04,ORD_20251025_0423,B004X2SJ3G,2,420
ORD_20251126_0424_00,ORD_20251126_0424,B00A5O7UT0,2,16
ORD_20251126_0424_01,ORD_20251126_0424,B08JWVXMWX,3,22
ORD_20251126_0424_02,ORD_20251126_0424,B07NP7JRYX,1,6
ORD_20251204_0425_00,ORD_20251204_0425,B0095P1K14,3,83
ORD_20251204_0425_01,ORD_20251204_0425,B0BM99LXVN,3,24
ORD_20251204_0425_02,ORD_20251204_0425,B07W11VDHW,2,17
ORD_20251027_0426_00,ORD_20251027_0426,B071LPB5W9,1,18
ORD_20251004_0427_00,ORD_20251004_0427,B00OHR6O8E,3,59
ORD_20251004_0427_01,ORD_20251004_0427,B07QBDPPBD,3,35
ORD_20251004_0427_02,ORD_20251004_0427,B07HQBS5N6,1,37
ORD_20251015_0428_00,ORD_20251015_0428,B01M7MGOVD,1,20
ORD_20251215_0429_00,ORD_20251215_0429,B001PQ0HI8,2,41
ORD_20251215_0429_01,ORD_20251215_0429,B0C53WLLVW,2,1889
ORD_20251215_0429_02,ORD_20251215_0429,B0783GX313,2,735
ORD_20251026_0430_00,ORD_20251026_0430,B0B9H7ZJZ6,2,105
ORD_20251026_0430_01,ORD_20251026_0430,B08DXRCJ1T,2,7
ORD_20251007_0431_00,ORD_20251007_0431,B00ROP62LA,3,8
ORD_20251007_0431_01,ORD_20251007_0431,B07RH4DWQQ,2,400
ORD_20251031_0432_00,ORD_20251031_0432,B0B4R5CDMB,1,12
ORD_20251031_0432_01,ORD_20251031_0432,B00SYRIADK,2,2600
ORD_20251031_0432_02,ORD_20251031_0432,B097ZY7T51,2,25
ORD_20251031_0432_03,ORD_20251031_0432,B00OANIIZC,3,30
ORD_20251020_0433_00,ORD_20251020_0433,B09GP5QPNB,1,8
ORD_20251020_0433_01,ORD_20251020_0433,B08FCTNH2X,2,15
ORD_20250928_0434_00,ORD_20250928_0434,B0BG7G877X,1,2099
ORD_20250928_0434_01,ORD_20250928_0434,B008SFPMRK,1,20
ORD_20251106_0435_00,ORD_20251106_0435,B08D73MK47,3,14
ORD_20251106_0435_01,ORD_20251106_0435,B0BMKNXW69,3,15
ORD_20251106_0435_02,ORD_20251106_0435,B07TYVL7WP,3,16
ORD_20251106_0435_03,ORD_20251106_0435,B07XC3CXDH,1,115
ORD_20251112_0436_00,ORD_20251112_0436,B07SXC3YFD,1,34
ORD_20251112_0436_01,ORD_20251112_0436,B0BLRPPLH9,2,180
ORD_20251115_0437_00,ORD_20251115_0437,B0006OTRNG,2,40
ORD_20251115_0437_01,ORD_20251115_0437,B0BMQJWBDM,3,218
ORD_20251115_0437_02,ORD_20251115_0437,B0BP9BJ4M1,2,10
ORD_20251115_0437_03,ORD_20251115_0437,B0BDYSM93Q,2,25
ORD_20251115_0437_04,ORD_20251115_0437,B00C4102LA,3,75
ORD_20251204_0438_00,ORD_20251204_0438,B0BNLZ3DLB,1,28
ORD_20251204_0438_01,ORD_20251204_0438,B00YX10YD0,1,9
ORD_20251204_0438_02,ORD_20251204_0438,B0CFV56B96,1,109
ORD_20251204_0438_03,ORD_20251204_0438,B0BJCXFC6B,1,11
ORD_20251204_0438_04,ORD_20251204_0438,B001BBIBGW,3,10
ORD_20251013_0439_00,ORD_20251013_0439,B09TD4K9GG,1,15
ORD_20251013_0439_01,ORD_20251013_0439,B0B6FM1TB2,2,13
ORD_20251013_0439_02,ORD_20251013_0439,B09YYG6429,2,14
ORD_20251013_0439_03,ORD_20251013_0439,B0050K3DW2,2,110
ORD_20251109_0440_00,ORD_20251109_0440,B086QRD3DP,1,28
ORD_20251109_0440_01,ORD_20251109_0440,B0C3HJ7QPT,3,19
ORD_20251109_0440_02,ORD_20251109_0440,B01M4Q0PQQ,1,15
ORD_20251212_0441_00,ORD_20251212_0441,B01M5AR6OV,1,88
ORD_20251218_0442_00,ORD_20251218_0442,B0777LM1QC,1,16
ORD_20251218_0442_01,ORD_20251218_0442,B0B6CD5JW1,2,38
ORD_20251218_0442_02,ORD_20251218_0442,B09782MFHH,3,15
ORD_20251218_0442_03,ORD_20251218_0442,B088YF39PY,1,7
ORD_20251218_0442_04,ORD_20251218_0442,B08X498W7B,1,47
ORD_20251129_0443_00,ORD_20251129_0443,B089Q5TMSB,3,9
ORD_20251019_0444_00,ORD_20251019_0444,B0093CS49K,3,19
ORD_20251019_0444_01,ORD_20251019_0444,B00HX581ZG,1,30
ORD_20251015_0445_00,ORD_20251015_0445,B00CY9LR66,3,30
ORD_20250927_0446_00,ORD_20250927_0446,B08YZ2R9JC,2,7
ORD_20250927_0446_01,ORD_20250927_0446,B09JG4NNKY,1,7
ORD_20251024_0447_00,ORD_20251024_0447,B009LQI21S,3,6
ORD_20251024_0447_01,ORD_20251024_0447,B0049VR1KI,2,15
ORD_20251103_0448_00,ORD_20251103_0448,B0BGHPSYQ4,2,21
ORD_20251103_0448_01,ORD_20251103_0448,B07BF3RT5P,1,36
ORD_20251103_0448_02,ORD_20251103_0448,B06XYSGH4Y,1,17
ORD_20251103_0448_03,ORD_20251103_0448,B084ZTZXVK,2,90
ORD_20251103_0448_04,ORD_20251103_0448,B08212MQY1,3,39
ORD_20251209_0449_00,ORD_20251209_0449,B017M50PIW,3,8
ORD_20251209_0449_01,ORD_20251209_0449,B004KZ2XSI,3,16
ORD_20251209_0449_02,ORD_20251209_0449,B09BJN8VB8,1,19
ORD_20251209_0449_03,ORD_20251209_0449,B092DR4K14,3,83
ORD_20251209_0449_04,ORD_20251209_0449,B09C98P5CT,1,490
ORD_20251007_0450_00,ORD_20251007_0450,B07R1TSRJF,2,25
ORD_20251001_0451_00,ORD_20251001_0451,B09M694K3B,3,17
ORD_20251001_0451_01,ORD_20251001_0451,B0B186HNS6,2,16
ORD_20251001_0451_02,ORD_20251001_0451,B00BB1THWY,1,20
ORD_20251020_0452_00,ORD_20251020_0452,B08N4D39W2,3,10
ORD_20251020_0452_01,ORD_20251020_0452,B074NZT9TR,1,24
ORD_20251006_0453_00,ORD_20251006_0453,B01ES2XOEY,2,6
ORD_20251006_0453_01,ORD_20251006_0453,B01H3FNAOC,1,18
ORD_20251006_0453_02,ORD_20251006_0453,B07DC29XVZ,2,56
ORD_20251109_0454_00,ORD_20251109_0454,B00IE3JDSU,2,9
ORD_20251109_0454_01,ORD_20251109_0454,B088SZXBTM,2,52
ORD_20251109_0454_02,ORD_20251109_0454,B07WD2FZN9,2,27
ORD_20251109_0454_03,ORD_20251109_0454,B08FDZDHBH,2,260
ORD_20251109_0454_04,ORD_20251109_0454,B09TFKHT6R,2,16
ORD_20251114_0455_00,ORD_20251114_0455,B0CBBQ4V55,2,34
ORD_20251114_0455_01,ORD_20251114_0455,B0BRYXR2XP,1,492
ORD_20251114_0455_02,ORD_20251114_0455,B06WV7Q3F6,3,17
ORD_20251114_0455_03,ORD_20251114_0455,B0009YC7YO,3,120
ORD_20251023_0456_00,ORD_20251023_0456,B0747YK76M,3,1199
ORD_20251023_0456_01,ORD_20251023_0456,B01AC7IIZO,3,32
ORD_20251023_0456_02,ORD_20251023_0456,B00006JQPC,2,1000
ORD_20251023_0456_03,ORD_20251023_0456,B01LDAP348,2,13
ORD_20251023_0456_04,ORD_20251023_0456,B09P3PZDW8,2,64
ORD_20251106_0457_00,ORD_20251106_0457,B094R5GP61,2,17
ORD_20251106_0457_01,ORD_20251106_0457,B0026SD96G,2,10
ORD_20251106_0457_02,ORD_20251106_0457,B07DC7M8CJ,2,8
ORD_20251106_0457_03,ORD_20251106_0457,B0C7JRXWW1,2,50
ORD_20251106_0457_04,ORD_20251106_0457,B08BFX3561,1,31
ORD_20251212_0458_00,ORD_20251212_0458,B0C6F81QPM,1,36
ORD_20251218_0459_00,ORD_20251218_0459,B016JDIXAU,2,43
ORD_20251218_0459_01,ORD_20251218_0459,B00DHHVSAY,2,44
ORD_20251218_0459_02,ORD_20251218_0459,B088TV8BY9,3,20
ORD_20251218_0459_03,ORD_20251218_0459,B09RYM64KV,2,12
ORD_20251218_0459_04,ORD_20251218_0459,B00MU2Q1Q8,2,35
ORD_20251020_0460_00,ORD_20251020_0460,B00A82EB1Y,2,23
ORD_20251020_0460_01,ORD_20251020_0460,B01LOJ75BC,1,20
ORD_20251020_0460_02,ORD_20251020_0460,B0863KMM6J,2,16
ORD_20251216_0461_00,ORD_20251216_0461,B07F3WPRGG,2,16
ORD_20251216_0461_01,ORD_20251216_0461,B00PCA1VYM,1,22
ORD_20251216_0461_02,ORD_20251216_0461,B08B4FBRS4,3,14
ORD_20251216_0461_03,ORD_20251216_0461,B07TRQ9JSH,3,100
ORD_20251216_0461_04,ORD_20251216_0461,B00QK63G7M,2,9
ORD_20251114_0462_00,ORD_20251114_0462,B08TGZH6B5,2,20
ORD_20251114_0462_01,ORD_20251114_0462,B0B1XWHHSF,3,9
ORD_20251114_0462_02,ORD_20251114_0462,B01N5JTPQH,3,93
ORD_20251114_0462_03,ORD_20251114_0462,B002PN9AEW,2,295
ORD_20251020_0463_00,ORD_20251020_0463,B01B5B5UNO,2,10
ORD_20251020_0463_01,ORD_20251020_0463,B07KX6D4DN,2,148
ORD_20251020_0463_02,ORD_20251020_0463,B0B6PMVZHG,1,50
ORD_20251020_0463_03,ORD_20251020_0463,B000CP30XW,1,19
ORD_20251214_0464_00,ORD_20251214_0464,B08F7B24S6,3,70
ORD_20251214_0464_01,ORD_20251214_0464,B0BYYZ4ZX2,3,25
ORD_20251214_0464_02,ORD_20251214_0464,B0049RRY4U,1,95
ORD_20251219_0465_00,ORD_20251219_0465,B0C14F6JB4,2,19
ORD_20251219_0465_01,ORD_20251219_0465,B0C7K6PMDH,3,9
ORD_20251219_0465_02,ORD_20251219_0465,B000A16LP2,1,19
ORD_20251119_0466_00,ORD_20251119_0466,B07PNQ6782,1,22
ORD_20251119_0466_01,ORD_20251119_0466,B0C3Z3PJKQ,2,74
ORD_20251119_0466_02,ORD_20251119_0466,B0B9L8B77L,3,12
ORD_20251119_0466_03,ORD_20251119_0466,B08F54F4RY,2,12
ORD_20251119_0466_04,ORD_20251119_0466,B01NBCRYLG,1,26
ORD_20251205_0467_00,ORD_20251205_0467,B00VHM50P0,1,19
ORD_20251205_0467_01,ORD_20251205_0467,B074114CW3,3,56
ORD_20251205_0467_02,ORD_20251205_0467,B07KJ7693J,1,80
ORD_20251205_0467_03,ORD_20251205_0467,B09X7HYTZJ,2,20
ORD_20251205_0467_04,ORD_20251205_0467,B0C7PG164L,2,13
ORD_20251204_0468_00,ORD_20251204_0468,B09W8Z54NY,2,1350
ORD_20251204_0468_01,ORD_20251204_0468,B092M6PMRH,2,19
ORD_20251208_0469_00,ORD_20251208_0469,B07JR5PLHJ,2,153
ORD_20251208_0469_01,ORD_20251208_0469,B09BQZMPZ4,2,750
ORD_20251208_0469_02,ORD_20251208_0469,B07HJ3NJ49,3,9
ORD_20251208_0469_03,ORD_20251208_0469,B08B84GWJT,2,66
ORD_20250929_0470_00,ORD_20250929_0470,B08B369V1D,2,134
ORD_20250929_0470_01,ORD_20250929_0470,B00DT86D24,3,84
ORD_20251027_0471_00,ORD_20251027_0471,B00AQMJKTE,2,50
ORD_20251027_0471_01,ORD_20251027_0471,B00435NWUS,1,219
ORD_20251027_0471_02,ORD_20251027_0471,B004Z1WIUU,1,20
ORD_20251027_0471_03,ORD_20251027_0471,B0C5BHS419,2,472
ORD_20251212_0472_00,ORD_20251212_0472,B01LPS1I2Y,1,9
ORD_20251212_0472_01,ORD_20251212_0472,B07SX4ND66,3,600
ORD_20251212_0472_02,ORD_20251212_0472,B00WO4NMTG,2,8
ORD_20251212_0472_03,ORD_20251212_0472,B07N833GNF,3,852
ORD_20251013_0473_00,ORD_20251013_0473,B0BQ443C3Y,3,57
ORD_20251127_0474_00,ORD_20251127_0474,B09XN526D4,3,9
ORD_20251127_0474_01,ORD_20251127_0474,B09965HNFD,3,20
ORD_20251127_0474_02,ORD_20251127_0474,B00XIUOVKY,2,200
ORD_20251127_0474_03,ORD_20251127_0474,B07P9XGMFR,2,7
ORD_20251127_0474_04,ORD_20251127_0474,B00E0MKV7G,2,184
ORD_20250926_0475_00,ORD_20250926_0475,B003VMXX7G,2,160
ORD_20250926_0475_01,ORD_20250926_0475,B08P3Y13JQ,1,26
ORD_20250926_0475_02,ORD_20250926_0475,B07SB9S7MY,2,185
ORD_20251012_0476_00,ORD_20251012_0476,B07YTS17FP,1,9
ORD_20251012_0476_01,ORD_20251012_0476,B08PV1W2PD,2,10
ORD_20251119_0477_00,ORD_20251119_0477,B01AFTO2MC,3,8
ORD_20251119_0477_01,ORD_20251119_0477,B096RYZN6L,3,20
ORD_20251119_0477_02,ORD_20251119_0477,B0BFBTJXH5,2,23
ORD_20251126_0478_00,ORD_20251126_0478,B008BHJRWG,1,60
ORD_20251126_0478_01,ORD_20251126_0478,B07L19T5YQ,2,8
ORD_20251126_0478_02,ORD_20251126_0478,B0CG8ZH1PC,1,40
ORD_20251031_0479_00,ORD_20251031_0479,B0BN5623F9,1,19
ORD_20251031_0479_01,ORD_20251031_0479,B004FLNFA2,2,14
ORD_20251031_0479_02,ORD_20251031_0479,B01N6EHD5W,3,72
ORD_20251111_0480_00,ORD_20251111_0480,B07FHXT1ZK,1,23
ORD_20251111_0480_01,ORD_20251111_0480,B0BZNLKTT1,1,20
ORD_20251111_0480_02,ORD_20251111_0480,B0B5YBV5J3,3,70
ORD_20251111_0480_03,ORD_20251111_0480,B01LZR01C2,1,11
ORD_20251006_0481_00,ORD_20251006_0481,B0BRTFMGF1,2,42
ORD_20251006_0481_01,ORD_20251006_0481,B0BRKLCH3B,3,6
ORD_20251006_0481_02,ORD_20251006_0481,B0C747C5P1,2,25
ORD_20251006_0481_03,ORD_20251006_0481,B08W2237Y2,1,17
ORD_20251006_0481_04,ORD_20251006_0481,B0C81HCSVJ,3,10
ORD_20251020_0482_00,ORD_20251020_0482,B091J9HCD9,1,25
ORD_20251020_0482_01,ORD_20251020_0482,B08BXCZN5Z,2,7
ORD_20251020_0482_02,ORD_20251020_0482,B089SM3LJG,1,9
ORD_20251020_0482_03,ORD_20251020_0482,B079SF5R87,2,419
ORD_20251106_0483_00,ORD_20251106_0483,B08D6L4ZC1,2,13
ORD_20251106_0483_01,ORD_20251106_0483,B08GPS2LBL,1,8
ORD_20251106_0483_02,ORD_20251106_0483,B01CXQ7JDE,2,30
ORD_20251128_0484_00,ORD_20251128_0484,B07BZK5XKZ,2,31
ORD_20251128_0484_01,ORD_20251128_0484,B0B21BBV4L,2,18
ORD_20251217_0485_00,ORD_20251217_0485,B0B3J15DQG,1,30
ORD_20251217_0485_01,ORD_20251217_0485,B0BZLMBFWX,2,17
ORD_20251217_0485_02,ORD_20251217_0485,B005LR30PO,1,1923
ORD_20251217_0485_03,ORD_20251217_0485,B09W2QHL2P,1,10
ORD_20251217_0485_04,ORD_20251217_0485,B072BV2DJC,2,36
ORD_20250929_0486_00,ORD_20250929_0486,B00VNOJIU0,2,13
ORD_20251219_0487_00,ORD_20251219_0487,B071RVN33V,2,17
ORD_20251025_0488_00,ORD_20251025_0488,B09Z7NT77S,1,19
ORD_20251025_0488_01,ORD_20251025_0488,B07DCSGR34,3,27
ORD_20251025_0488_02,ORD_20251025_0488,B003FMPPP0,3,109
ORD_20251025_0488_03,ORD_20251025_0488,B07SXBW3X8,2,22
ORD_20251216_0489_00,ORD_20251216_0489,B00JFL5AH8,1,14
ORD_20251216_0489_01,ORD_20251216_0489,B088MGG6TS,2,14
ORD_20251216_0489_02,ORD_20251216_0489,B0CFY5SLH8,2,560
ORD_20251126_0490_00,ORD_20251126_0490,B077HKXPH3,2,30
ORD_20251126_0490_01,ORD_20251126_0490,B09TQ6Z3FM,2,30
ORD_20251126_0490_02,ORD_20251126_0490,B08W3Y4VB1,3,9
ORD_20251126_0490_03,ORD_20251126_0490,B01DEX54ZA,2,95
ORD_20251127_0491_00,ORD_20251127_0491,B00IJGWGWW,2,12
ORD_20251127_0491_01,ORD_20251127_0491,B01LOKUKXG,3,580
ORD_20251127_0491_02,ORD_20251127_0491,B0B1LDKYMK,1,8
ORD_20251127_0491_03,ORD_20251127_0491,B00NLVEUB0,2,32
ORD_20251024_0492_00,ORD_20251024_0492,B08GSDLFWF,2,29
ORD_20251024_0492_01,ORD_20251024_0492,B0BRV961X3,2,49
ORD_20251206_0493_00,ORD_20251206_0493,B0BXSW1ZPF,3,8
ORD_20251206_0493_01,ORD_20251206_0493,B00379B1R2,1,190
ORD_20251029_0494_00,ORD_20251029_0494,B01L6WIEFI,3,17
ORD_20251029_0494_01,ORD_20251029_0494,B08P86LLJ3,1,46
ORD_20251029_0494_02,ORD_20251029_0494,B00J8QFOGW,1,50
ORD_20251029_0494_03,ORD_20251029_0494,B08BFZ1J8C,3,19
ORD_20251212_0495_00,ORD_20251212_0495,B09GY8PXWT,3,10
ORD_20251212_0495_01,ORD_20251212_0495,B00C8XUS22,2,8
ORD_20251212_0495_02,ORD_20251212_0495,B09W9HRQJV,2,100
ORD_20251006_0496_00,ORD_20251006_0496,B0BHXHZMWJ,3,34
ORD_20251201_0497_00,ORD_20251201_0497,B015YPRHO2,2,16
ORD_20251201_0497_01,ORD_20251201_0497,B088PRZVRW,1,13
ORD_20251201_0497_02,ORD_20251201_0497,B01LRKDWJC,1,99
ORD_20251201_0497_03,ORD_20251201_0497,B00004Z7D2,1,33
ORD_20251128_0498_00,ORD_20251128_0498,B0B14CRLCF,1,13
ORD_20251128_0498_01,ORD_20251128_0498,B00MW7D5HY,2,9
ORD_20251128_0498_02,ORD_20251128_0498,B00K7OOIWA,2,4
ORD_20251128_0498_03,ORD_20251128_0498,B01N5MK6E3,1,7
ORD_20251203_0499_00,ORD_20251203_0499,B00FL440H4,1,7
ORD_20251203_0499_01,ORD_20251203_0499,B075R5T76T,2,51
ORD_20251203_0499_02,ORD_20251203_0499,B0BQBDGB33,3,652
ORD_20251203_0499_03,ORD_20251203_0499,B00BQC2S7E,2,858
ORD_20251028_0500_00,ORD_20251028_0500,B089LQLPY4,2,927
ORD_20251028_0500_01,ORD_20251028_0500,B079SBRBTS,3,10
ORD_20251028_0500_02,ORD_20251028_0500,B0CCJ9TQXH,3,9
ORD_20251028_0500_03,ORD_20251028_0500,B092S7F1LZ,3,30
