order_id,user_id,status,order_date,delivery_date,total_amount,shipping_address,created_at
ORD_20250927_0001,user_037,delivered,2025-09-27T04:31:45.067839Z,2025-09-29T04:31:45.067839Z,516,울산 남구 6동 1461호,2025-09-27T04:31:45.067839Z
ORD_20251107_0002,user_074,delivered,2025-11-07T04:31:45.067839Z,2025-11-14T04:31:45.067839Z,114,대전 서구 16동 1905호,2025-11-07T04:31:45.067839Z
ORD_20251107_0003,user_078,confirmed,2025-11-07T04:31:45.067839Z,,49,대구 달서구 18동 408호,2025-11-07T04:31:45.067839Z
ORD_20251106_0004,user_075,delivered,2025-11-06T04:31:45.067839Z,2025-11-08T04:31:45.067839Z,591,울산 중구 3동 2464호,2025-11-06T04:31:45.067839Z
ORD_20251120_0005,user_022,cancelled,2025-11-20T04:31:45.067839Z,,101,대구 중구 5동 1829호,2025-11-20T04:31:45.067839Z
ORD_20251221_0006,user_051,shipping,2025-12-21T04:31:45.067839Z,,980,세종 아름동 16동 1944호,2025-12-21T04:31:45.067839Z
ORD_20250927_0007,user_014,confirmed,2025-09-27T04:31:45.067839Z,,60,광주 광산구 18동 2273호,2025-09-27T04:31:45.067839Z
ORD_20251031_0008,user_084,confirmed,2025-10-31T04:31:45.067839Z,,40,세종 새롬동 14동 1466호,2025-10-31T04:31:45.067839Z
ORD_20251205_0009,user_069,shipping,2025-12-05T04:31:45.067839Z,,1741,서울 서초구 10동 1008호,2025-12-05T04:31:45.067839Z
ORD_20251027_0010,user_028,shipping,2025-10-27T04:31:45.067839Z,,319,광주 광산구 9동 1722호,2025-10-27T04:31:45.067839Z
ORD_20251207_0011,user_025,cancelled,2025-12-07T04:31:45.067839Z,,815,대구 북구 7동 340호,2025-12-07T04:31:45.067839Z
ORD_20251125_0012,user_076,delivered,2025-11-25T04:31:45.067839Z,2025-11-28T04:31:45.067839Z,216,대구 수성구 18동 1805호,2025-11-25T04:31:45.067839Z
ORD_20251221_0013,user_017,shipping,2025-12-21T04:31:45.067839Z,,258,대구 북구 13동 1630호,2025-12-21T04:31:45.067839Z
ORD_20251214_0014,user_015,delivered,2025-12-14T04:31:45.067839Z,2025-12-18T04:31:45.067839Z,341,대전 유성구 2동 1087호,2025-12-14T04:31:45.067839Z
ORD_20251027_0015,user_092,pending,2025-10-27T04:31:45.067839Z,,26,울산 중구 11동 873호,2025-10-27T04:31:45.067839Z
ORD_20251002_0016,user_080,delivered,2025-10-02T04:31:45.067839Z,2025-10-09T04:31:45.067839Z,110,부산 남구 8동 711호,2025-10-02T04:31:45.067839Z
ORD_20251026_0017,user_056,delivered,2025-10-26T04:31:45.067839Z,2025-10-31T04:31:45.067839Z,269,대구 북구 14동 2090호,2025-10-26T04:31:45.067839Z
ORD_20250926_0018,user_020,cancelled,2025-09-26T04:31:45.067839Z,,11,세종 아름동 16동 1768호,2025-09-26T04:31:45.067839Z
ORD_20251012_0019,user_017,pending,2025-10-12T04:31:45.067839Z,,773,대구 북구 13동 1630호,2025-10-12T04:31:45.067839Z
ORD_20251203_0020,user_028,delivered,2025-12-03T04:31:45.067839Z,2025-12-06T04:31:45.067839Z,175,광주 광산구 9동 1722호,2025-12-03T04:31:45.067839Z
ORD_20251029_0021,user_029,delivered,2025-10-29T04:31:45.067839Z,2025-11-04T04:31:45.067839Z,902,세종 한솔동 19동 510호,2025-10-29T04:31:45.067839Z
ORD_20251204_0022,user_009,delivered,2025-12-04T04:31:45.067839Z,2025-12-06T04:31:45.067839Z,26,세종 새롬동 15동 686호,2025-12-04T04:31:45.067839Z
ORD_20251113_0023,user_048,delivered,2025-11-13T04:31:45.067839Z,2025-11-19T04:31:45.067839Z,740,대구 중구 16동 1737호,2025-11-13T04:31:45.067839Z
ORD_20251118_0024,user_054,confirmed,2025-11-18T04:31:45.067839Z,,515,세종 새롬동 2동 948호,2025-11-18T04:31:45.067839Z
ORD_20251215_0025,user_077,pending,2025-12-15T04:31:45.067839Z,,138,대전 중구 20동 347호,2025-12-15T04:31:45.067839Z
ORD_20251104_0026,user_017,delivered,2025-11-04T04:31:45.067839Z,2025-11-07T04:31:45.067839Z,170,대구 북구 13동 1630호,2025-11-04T04:31:45.067839Z
ORD_20251208_0027,user_038,shipping,2025-12-08T04:31:45.067839Z,,225,세종 아름동 7동 1986호,2025-12-08T04:31:45.067839Z
ORD_20251212_0028,user_068,shipping,2025-12-12T04:31:45.067839Z,,55,대구 수성구 8동 1765호,2025-12-12T04:31:45.067839Z
ORD_20251108_0029,user_100,shipping,2025-11-08T04:31:45.067839Z,,63,대전 서구 9동 139호,2025-11-08T04:31:45.067839Z
ORD_20250930_0030,user_098,pending,2025-09-30T04:31:45.067839Z,,567,대전 서구 12동 1865호,2025-09-30T04:31:45.067839Z
ORD_20251215_0031,user_076,shipping,2025-12-15T04:31:45.067839Z,,60,대구 수성구 18동 1805호,2025-12-15T04:31:45.067839Z
ORD_20251213_0032,user_037,delivered,2025-12-13T04:31:45.067839Z,2025-12-15T04:31:45.067839Z,2833,울산 남구 6동 1461호,2025-12-13T04:31:45.067839Z
ORD_20251212_0033,user_092,delivered,2025-12-12T04:31:45.067839Z,2025-12-15T04:31:45.067839Z,81,울산 중구 11동 873호,2025-12-12T04:31:45.067839Z
ORD_20251202_0034,user_079,shipping,2025-12-02T04:31:45.067839Z,,86,서울 마포구 10동 1259호,2025-12-02T04:31:45.067839Z
ORD_20250927_0035,user_072,shipping,2025-09-27T04:31:45.067839Z,,332,대전 유성구 7동 1314호,2025-09-27T04:31:45.067839Z
ORD_20251212_0036,user_077,shipping,2025-12-12T04:31:45.067839Z,,524,대전 중구 20동 347호,2025-12-12T04:31:45.067839Z
ORD_20251021_0037,user_099,confirmed,2025-10-21T04:31:45.067839Z,,31,인천 남동구 20동 1667호,2025-10-21T04:31:45.067839Z
ORD_20251104_0038,user_077,confirmed,2025-11-04T04:31:45.067839Z,,1888,대전 중구 20동 347호,2025-11-04T04:31:45.067839Z
ORD_20251116_0039,user_079,delivered,2025-11-16T04:31:45.067839Z,2025-11-21T04:31:45.067839Z,1865,서울 마포구 10동 1259호,2025-11-16T04:31:45.067839Z
ORD_20251116_0040,user_060,delivered,2025-11-16T04:31:45.067839Z,2025-11-22T04:31:45.067839Z,301,대구 달서구 1동 725호,2025-11-16T04:31:45.067839Z
ORD_20251202_0041,user_011,shipping,2025-12-02T04:31:45.067839Z,,312,인천 연수구 14동 2543호,2025-12-02T04:31:45.067839Z
ORD_20251124_0042,user_048,pending,2025-11-24T04:31:45.067839Z,,8,대구 중구 16동 1737호,2025-11-24T04:31:45.067839Z
ORD_20251205_0043,user_090,delivered,2025-12-05T04:31:45.067839Z,2025-12-10T04:31:45.067839Z,259,인천 계양구 7동 2556호,2025-12-05T04:31:45.067839Z
ORD_20251207_0044,user_039,pending,2025-12-07T04:31:45.067839Z,,372,대구 중구 11동 1242호,2025-12-07T04:31:45.067839Z
ORD_20251005_0045,user_001,shipping,2025-10-05T04:31:45.067839Z,,719,인천 남동구 18동 457호,2025-10-05T04:31:45.067839Z
ORD_20251103_0046,user_082,cancelled,2025-11-03T04:31:45.067839Z,,91,서울 강서구 11동 2573호,2025-11-03T04:31:45.067839Z
ORD_20251107_0047,user_006,delivered,2025-11-07T04:31:45.067839Z,2025-11-14T04:31:45.067839Z,256,광주 광산구 12동 1556호,2025-11-07T04:31:45.067839Z
ORD_20251127_0048,user_038,pending,2025-11-27T04:31:45.067839Z,,42,세종 아름동 7동 1986호,2025-11-27T04:31:45.067839Z
ORD_20251001_0049,user_005,confirmed,2025-10-01T04:31:45.067839Z,,533,부산 해운대구 8동 1286호,2025-10-01T04:31:45.067839Z
ORD_20251129_0050,user_044,delivered,2025-11-29T04:31:45.067839Z,2025-12-04T04:31:45.067839Z,320,울산 동구 13동 813호,2025-11-29T04:31:45.067839Z
ORD_20251111_0051,user_011,delivered,2025-11-11T04:31:45.067839Z,2025-11-15T04:31:45.067839Z,319,인천 연수구 14동 2543호,2025-11-11T04:31:45.067839Z
ORD_20251002_0052,user_086,shipping,2025-10-02T04:31:45.067839Z,,221,울산 동구 1동 2323호,2025-10-02T04:31:45.067839Z
ORD_20251203_0053,user_078,delivered,2025-12-03T04:31:45.067839Z,2025-12-07T04:31:45.067839Z,123,대구 달서구 18동 408호,2025-12-03T04:31:45.067839Z
ORD_20251219_0054,user_015,delivered,2025-12-19T04:31:45.067839Z,2025-12-24T04:31:45.067839Z,4289,대전 유성구 2동 1087호,2025-12-19T04:31:45.067839Z
ORD_20251130_0055,user_058,delivered,2025-11-30T04:31:45.067839Z,2025-12-05T04:31:45.067839Z,30,서울 용산구 13동 1441호,2025-11-30T04:31:45.067839Z
ORD_20251115_0056,user_070,delivered,2025-11-15T04:31:45.067839Z,2025-11-18T04:31:45.067839Z,191,광주 서구 18동 1455호,2025-11-15T04:31:45.067839Z
ORD_20251013_0057,user_047,delivered,2025-10-13T04:31:45.067839Z,2025-10-18T04:31:45.067839Z,1382,대구 달서구 1동 290호,2025-10-13T04:31:45.067839Z
ORD_20251001_0058,user_041,pending,2025-10-01T04:31:45.067839Z,,214,광주 서구 20동 2195호,2025-10-01T04:31:45.067839Z
ORD_20251124_0059,user_042,shipping,2025-11-24T04:31:45.067839Z,,212,울산 남구 17동 2306호,2025-11-24T04:31:45.067839Z
ORD_20251203_0060,user_075,confirmed,2025-12-03T04:31:45.067839Z,,637,울산 중구 3동 2464호,2025-12-03T04:31:45.067839Z
ORD_20251014_0061,user_081,shipping,2025-10-14T04:31:45.067839Z,,287,세종 아름동 15동 1346호,2025-10-14T04:31:45.067839Z
ORD_20251024_0062,user_062,confirmed,2025-10-24T04:31:45.067839Z,,249,울산 중구 7동 412호,2025-10-24T04:31:45.067839Z
ORD_20251026_0063,user_035,confirmed,2025-10-26T04:31:45.067839Z,,58,광주 북구 18동 707호,2025-10-26T04:31:45.067839Z
ORD_20251111_0064,user_021,cancelled,2025-11-11T04:31:45.067839Z,,158,울산 중구 2동 504호,2025-11-11T04:31:45.067839Z
ORD_20251019_0065,user_051,delivered,2025-10-19T04:31:45.067839Z,2025-10-22T04:31:45.067839Z,126,세종 아름동 16동 1944호,2025-10-19T04:31:45.067839Z
ORD_20251221_0066,user_069,delivered,2025-12-21T04:31:45.067839Z,2025-12-26T04:31:45.067839Z,136,서울 서초구 10동 1008호,2025-12-21T04:31:45.067839Z
ORD_20251128_0067,user_072,shipping,2025-11-28T04:31:45.067839Z,,361,대전 유성구 7동 1314호,2025-11-28T04:31:45.067839Z
ORD_20251109_0068,user_048,delivered,2025-11-09T04:31:45.067839Z,2025-11-13T04:31:45.067839Z,68,대구 중구 16동 1737호,2025-11-09T04:31:45.067839Z
ORD_20251017_0069,user_061,delivered,2025-10-17T04:31:45.067839Z,2025-10-23T04:31:45.067839Z,3111,대전 서구 6동 2582호,2025-10-17T04:31:45.067839Z
ORD_20251220_0070,user_061,shipping,2025-12-20T04:31:45.067839Z,,104,대전 서구 6동 2582호,2025-12-20T04:31:45.067839Z
ORD_20251119_0071,user_061,cancelled,2025-11-19T04:31:45.067839Z,,513,대전 서구 6동 2582호,2025-11-19T04:31:45.067839Z
ORD_20251030_0072,user_041,confirmed,2025-10-30T04:31:45.067839Z,,108,광주 서구 20동 2195호,2025-10-30T04:31:45.067839Z
ORD_20251111_0073,user_072,cancelled,2025-11-11T04:31:45.067839Z,,967,대전 유성구 7동 1314호,2025-11-11T04:31:45.067839Z
ORD_20251117_0074,user_032,delivered,2025-11-17T04:31:45.067839Z,2025-11-20T04:31:45.067839Z,146,대전 중구 7동 1505호,2025-11-17T04:31:45.067839Z
ORD_20251014_0075,user_087,shipping,2025-10-14T04:31:45.067839Z,,172,세종 아름동 7동 1194호,2025-10-14T04:31:45.067839Z
ORD_20251127_0076,user_028,delivered,2025-11-27T04:31:45.067839Z,2025-12-01T04:31:45.067839Z,279,광주 광산구 9동 1722호,2025-11-27T04:31:45.067839Z
ORD_20251023_0077,user_043,confirmed,2025-10-23T04:31:45.067839Z,,444,대전 중구 10동 1773호,2025-10-23T04:31:45.067839Z
ORD_20251116_0078,user_042,delivered,2025-11-16T04:31:45.067839Z,2025-11-18T04:31:45.067839Z,293,울산 남구 17동 2306호,2025-11-16T04:31:45.067839Z
ORD_20251006_0079,user_073,confirmed,2025-10-06T04:31:45.067839Z,,1234,대전 유성구 2동 2367호,2025-10-06T04:31:45.067839Z
ORD_20251025_0080,user_021,delivered,2025-10-25T04:31:45.067839Z,2025-11-01T04:31:45.067839Z,378,울산 중구 2동 504호,2025-10-25T04:31:45.067839Z
ORD_20251018_0081,user_055,shipping,2025-10-18T04:31:45.067839Z,,112,세종 아름동 12동 1324호,2025-10-18T04:31:45.067839Z
ORD_20251114_0082,user_043,delivered,2025-11-14T04:31:45.067839Z,2025-11-20T04:31:45.067839Z,28,대전 중구 10동 1773호,2025-11-14T04:31:45.067839Z
ORD_20251207_0083,user_086,delivered,2025-12-07T04:31:45.067839Z,2025-12-10T04:31:45.067839Z,354,울산 동구 1동 2323호,2025-12-07T04:31:45.067839Z
ORD_20251030_0084,user_048,delivered,2025-10-30T04:31:45.067839Z,2025-11-04T04:31:45.067839Z,45415,대구 중구 16동 1737호,2025-10-30T04:31:45.067839Z
ORD_20251027_0085,user_067,confirmed,2025-10-27T04:31:45.067839Z,,132,대구 북구 9동 1495호,2025-10-27T04:31:45.067839Z
ORD_20251025_0086,user_054,delivered,2025-10-25T04:31:45.067839Z,2025-10-31T04:31:45.067839Z,467,세종 새롬동 2동 948호,2025-10-25T04:31:45.067839Z
ORD_20251214_0087,user_090,delivered,2025-12-14T04:31:45.067839Z,2025-12-16T04:31:45.067839Z,5,인천 계양구 7동 2556호,2025-12-14T04:31:45.067839Z
ORD_20251001_0088,user_099,cancelled,2025-10-01T04:31:45.067839Z,,1143,인천 남동구 20동 1667호,2025-10-01T04:31:45.067839Z
ORD_20251102_0089,user_069,delivered,2025-11-02T04:31:45.067839Z,2025-11-09T04:31:45.067839Z,88,서울 서초구 10동 1008호,2025-11-02T04:31:45.067839Z
ORD_20251025_0090,user_032,shipping,2025-10-25T04:31:45.067839Z,,120,대전 중구 7동 1505호,2025-10-25T04:31:45.067839Z
ORD_20251007_0091,user_013,pending,2025-10-07T04:31:45.067839Z,,126,대전 중구 6동 2180호,2025-10-07T04:31:45.067839Z
ORD_20251007_0092,user_074,delivered,2025-10-07T04:31:45.067839Z,2025-10-11T04:31:45.067839Z,3453,대전 서구 16동 1905호,2025-10-07T04:31:45.067839Z
ORD_20251012_0093,user_008,cancelled,2025-10-12T04:31:45.067839Z,,1142,대구 수성구 11동 1744호,2025-10-12T04:31:45.067839Z
ORD_20251203_0094,user_053,shipping,2025-12-03T04:31:45.067839Z,,743,인천 연수구 8동 1669호,2025-12-03T04:31:45.067839Z
ORD_20251030_0095,user_053,delivered,2025-10-30T04:31:45.067839Z,2025-11-02T04:31:45.067839Z,240,인천 연수구 8동 1669호,2025-10-30T04:31:45.067839Z
ORD_20251104_0096,user_035,delivered,2025-11-04T04:31:45.067839Z,2025-11-10T04:31:45.067839Z,20,광주 북구 18동 707호,2025-11-04T04:31:45.067839Z
ORD_20251221_0097,user_039,confirmed,2025-12-21T04:31:45.067839Z,,320,대구 중구 11동 1242호,2025-12-21T04:31:45.067839Z
ORD_20251116_0098,user_042,shipping,2025-11-16T04:31:45.067839Z,,1218,울산 남구 17동 2306호,2025-11-16T04:31:45.067839Z
ORD_20251011_0099,user_006,delivered,2025-10-11T04:31:45.067839Z,2025-10-18T04:31:45.067839Z,142,광주 광산구 12동 1556호,2025-10-11T04:31:45.067839Z
ORD_20251123_0100,user_043,shipping,2025-11-23T04:31:45.067839Z,,240,대전 중구 10동 1773호,2025-11-23T04:31:45.067839Z
ORD_20251205_0101,user_022,delivered,2025-12-05T04:31:45.067839Z,2025-12-10T04:31:45.067839Z,46,대구 중구 5동 1829호,2025-12-05T04:31:45.067839Z
ORD_20251123_0102,user_081,pending,2025-11-23T04:31:45.067839Z,,49,세종 아름동 15동 1346호,2025-11-23T04:31:45.067839Z
ORD_20251021_0103,user_085,pending,2025-10-21T04:31:45.067839Z,,723,대전 중구 13동 2354호,2025-10-21T04:31:45.067839Z
ORD_20251122_0104,user_020,confirmed,2025-11-22T04:31:45.067839Z,,523,세종 아름동 16동 1768호,2025-11-22T04:31:45.067839Z
ORD_20251101_0105,user_012,shipping,2025-11-01T04:31:45.067839Z,,888,서울 서초구 18동 1193호,2025-11-01T04:31:45.067839Z
ORD_20250925_0106,user_028,delivered,2025-09-25T04:31:45.067839Z,2025-09-30T04:31:45.067839Z,258,광주 광산구 9동 1722호,2025-09-25T04:31:45.067839Z
ORD_20251008_0107,user_027,confirmed,2025-10-08T04:31:45.067839Z,,7366,대구 수성구 20동 436호,2025-10-08T04:31:45.067839Z
ORD_20251108_0108,user_065,pending,2025-11-08T04:31:45.067839Z,,768,세종 새롬동 14동 2527호,2025-11-08T04:31:45.067839Z
ORD_20251104_0109,user_071,shipping,2025-11-04T04:31:45.067839Z,,850,대구 북구 4동 2295호,2025-11-04T04:31:45.067839Z
ORD_20251211_0110,user_014,pending,2025-12-11T04:31:45.067839Z,,112,광주 광산구 18동 2273호,2025-12-11T04:31:45.067839Z
ORD_20251018_0111,user_072,shipping,2025-10-18T04:31:45.067839Z,,79,대전 유성구 7동 1314호,2025-10-18T04:31:45.067839Z
ORD_20251221_0112,user_050,shipping,2025-12-21T04:31:45.067839Z,,92,세종 한솔동 17동 2390호,2025-12-21T04:31:45.067839Z
ORD_20251028_0113,user_022,shipping,2025-10-28T04:31:45.067839Z,,161,대구 중구 5동 1829호,2025-10-28T04:31:45.067839Z
ORD_20251209_0114,user_059,confirmed,2025-12-09T04:31:45.067839Z,,320,대전 유성구 16동 180호,2025-12-09T04:31:45.067839Z
ORD_20250930_0115,user_056,cancelled,2025-09-30T04:31:45.067839Z,,54,대구 북구 14동 2090호,2025-09-30T04:31:45.067839Z
ORD_20251112_0116,user_051,shipping,2025-11-12T04:31:45.067839Z,,1800,세종 아름동 16동 1944호,2025-11-12T04:31:45.067839Z
ORD_20251024_0117,user_094,cancelled,2025-10-24T04:31:45.067839Z,,81,세종 아름동 17동 1972호,2025-10-24T04:31:45.067839Z
ORD_20251114_0118,user_082,confirmed,2025-11-14T04:31:45.067839Z,,32,서울 강서구 11동 2573호,2025-11-14T04:31:45.067839Z
ORD_20250925_0119,user_065,shipping,2025-09-25T04:31:45.067839Z,,13,세종 새롬동 14동 2527호,2025-09-25T04:31:45.067839Z
ORD_20251001_0120,user_022,delivered,2025-10-01T04:31:45.067839Z,2025-10-07T04:31:45.067839Z,240,대구 중구 5동 1829호,2025-10-01T04:31:45.067839Z
ORD_20250927_0121,user_060,delivered,2025-09-27T04:31:45.067839Z,2025-10-03T04:31:45.067839Z,121,대구 달서구 1동 725호,2025-09-27T04:31:45.067839Z
ORD_20251204_0122,user_094,shipping,2025-12-04T04:31:45.067839Z,,960,세종 아름동 17동 1972호,2025-12-04T04:31:45.067839Z
ORD_20251114_0123,user_009,pending,2025-11-14T04:31:45.067839Z,,120,세종 새롬동 15동 686호,2025-11-14T04:31:45.067839Z
ORD_20251013_0124,user_023,confirmed,2025-10-13T04:31:45.067839Z,,761,서울 강남구 3동 1069호,2025-10-13T04:31:45.067839Z
ORD_20251103_0125,user_055,pending,2025-11-03T04:31:45.067839Z,,1654,세종 아름동 12동 1324호,2025-11-03T04:31:45.067839Z
ORD_20251127_0126,user_042,delivered,2025-11-27T04:31:45.067839Z,2025-12-01T04:31:45.067839Z,710,울산 남구 17동 2306호,2025-11-27T04:31:45.067839Z
ORD_20250927_0127,user_011,confirmed,2025-09-27T04:31:45.067839Z,,18,인천 연수구 14동 2543호,2025-09-27T04:31:45.067839Z
ORD_20251103_0128,user_066,shipping,2025-11-03T04:31:45.067839Z,,399,대구 중구 19동 1653호,2025-11-03T04:31:45.067839Z
ORD_20251129_0129,user_018,shipping,2025-11-29T04:31:45.067839Z,,282,광주 광산구 19동 2369호,2025-11-29T04:31:45.067839Z
ORD_20251027_0130,user_091,delivered,2025-10-27T04:31:45.067839Z,2025-10-29T04:31:45.067839Z,686,대전 유성구 10동 1323호,2025-10-27T04:31:45.067839Z
ORD_20251208_0131,user_074,shipping,2025-12-08T04:31:45.067839Z,,2319,대전 서구 16동 1905호,2025-12-08T04:31:45.067839Z
ORD_20251027_0132,user_012,delivered,2025-10-27T04:31:45.067839Z,2025-10-29T04:31:45.067839Z,75,서울 서초구 18동 1193호,2025-10-27T04:31:45.067839Z
ORD_20251126_0133,user_027,delivered,2025-11-26T04:31:45.067839Z,2025-12-02T04:31:45.067839Z,197,대구 수성구 20동 436호,2025-11-26T04:31:45.067839Z
ORD_20251031_0134,user_097,cancelled,2025-10-31T04:31:45.067839Z,,823,울산 남구 4동 1918호,2025-10-31T04:31:45.067839Z
ORD_20251003_0135,user_074,shipping,2025-10-03T04:31:45.067839Z,,1470,대전 서구 16동 1905호,2025-10-03T04:31:45.067839Z
ORD_20251222_0136,user_075,delivered,2025-12-22T04:31:45.067839Z,2025-12-29T04:31:45.067839Z,36,울산 중구 3동 2464호,2025-12-22T04:31:45.067839Z
ORD_20251029_0137,user_028,delivered,2025-10-29T04:31:45.067839Z,2025-11-03T04:31:45.067839Z,88,광주 광산구 9동 1722호,2025-10-29T04:31:45.067839Z
ORD_20251003_0138,user_013,delivered,2025-10-03T04:31:45.067839Z,2025-10-08T04:31:45.067839Z,161,대전 중구 6동 2180호,2025-10-03T04:31:45.067839Z
ORD_20250925_0139,user_026,cancelled,2025-09-25T04:31:45.067839Z,,156,인천 남동구 17동 429호,2025-09-25T04:31:45.067839Z
ORD_20251003_0140,user_051,shipping,2025-10-03T04:31:45.067839Z,,360,세종 아름동 16동 1944호,2025-10-03T04:31:45.067839Z
ORD_20251008_0141,user_017,confirmed,2025-10-08T04:31:45.067839Z,,305,대구 북구 13동 1630호,2025-10-08T04:31:45.067839Z
ORD_20251209_0142,user_094,confirmed,2025-12-09T04:31:45.067839Z,,229,세종 아름동 17동 1972호,2025-12-09T04:31:45.067839Z
ORD_20251005_0143,user_002,delivered,2025-10-05T04:31:45.067839Z,2025-10-10T04:31:45.067839Z,374,서울 마포구 18동 1819호,2025-10-05T04:31:45.067839Z
ORD_20251207_0144,user_097,delivered,2025-12-07T04:31:45.067839Z,2025-12-12T04:31:45.067839Z,5899,울산 남구 4동 1918호,2025-12-07T04:31:45.067839Z
ORD_20251006_0145,user_077,shipping,2025-10-06T04:31:45.067839Z,,10,대전 중구 20동 347호,2025-10-06T04:31:45.067839Z
ORD_20251020_0146,user_031,shipping,2025-10-20T04:31:45.067839Z,,109,대전 중구 4동 651호,2025-10-20T04:31:45.067839Z
ORD_20251030_0147,user_073,shipping,2025-10-30T04:31:45.067839Z,,84,대전 유성구 2동 2367호,2025-10-30T04:31:45.067839Z
ORD_20251215_0148,user_006,cancelled,2025-12-15T04:31:45.067839Z,,869,광주 광산구 12동 1556호,2025-12-15T04:31:45.067839Z
ORD_20251018_0149,user_011,cancelled,2025-10-18T04:31:45.067839Z,,53,인천 연수구 14동 2543호,2025-10-18T04:31:45.067839Z
ORD_20251121_0150,user_008,pending,2025-11-21T04:31:45.067839Z,,5434,대구 수성구 11동 1744호,2025-11-21T04:31:45.067839Z
ORD_20251221_0151,user_090,confirmed,2025-12-21T04:31:45.067839Z,,129,인천 계양구 7동 2556호,2025-12-21T04:31:45.067839Z
ORD_20251016_0152,user_035,pending,2025-10-16T04:31:45.067839Z,,2898,광주 북구 18동 707호,2025-10-16T04:31:45.067839Z
ORD_20251018_0153,user_030,pending,2025-10-18T04:31:45.067839Z,,8,부산 수영구 12동 1268호,2025-10-18T04:31:45.067839Z
ORD_20251218_0154,user_023,delivered,2025-12-18T04:31:45.067839Z,2025-12-25T04:31:45.067839Z,771,서울 강남구 3동 1069호,2025-12-18T04:31:45.067839Z
ORD_20251124_0155,user_023,delivered,2025-11-24T04:31:45.067839Z,2025-11-26T04:31:45.067839Z,747,서울 강남구 3동 1069호,2025-11-24T04:31:45.067839Z
ORD_20251114_0156,user_073,delivered,2025-11-14T04:31:45.067839Z,2025-11-17T04:31:45.067839Z,101,대전 유성구 2동 2367호,2025-11-14T04:31:45.067839Z
ORD_20250929_0157,user_001,shipping,2025-09-29T04:31:45.067839Z,,1927,인천 남동구 18동 457호,2025-09-29T04:31:45.067839Z
ORD_20251017_0158,user_030,shipping,2025-10-17T04:31:45.067839Z,,383,부산 수영구 12동 1268호,2025-10-17T04:31:45.067839Z
ORD_20251028_0159,user_008,delivered,2025-10-28T04:31:45.067839Z,2025-10-31T04:31:45.067839Z,60,대구 수성구 11동 1744호,2025-10-28T04:31:45.067839Z
ORD_20251213_0160,user_030,cancelled,2025-12-13T04:31:45.067839Z,,482,부산 수영구 12동 1268호,2025-12-13T04:31:45.067839Z
ORD_20251015_0161,user_016,shipping,2025-10-15T04:31:45.067839Z,,936,인천 계양구 18동 777호,2025-10-15T04:31:45.067839Z
ORD_20250924_0162,user_091,delivered,2025-09-24T04:31:45.067839Z,2025-09-27T04:31:45.067839Z,236,대전 유성구 10동 1323호,2025-09-24T04:31:45.067839Z
ORD_20251101_0163,user_004,delivered,2025-11-01T04:31:45.067839Z,2025-11-07T04:31:45.067839Z,256,대전 유성구 15동 2297호,2025-11-01T04:31:45.067839Z
ORD_20251008_0164,user_075,shipping,2025-10-08T04:31:45.067839Z,,20,울산 중구 3동 2464호,2025-10-08T04:31:45.067839Z
ORD_20251207_0165,user_043,pending,2025-12-07T04:31:45.067839Z,,598,대전 중구 10동 1773호,2025-12-07T04:31:45.067839Z
ORD_20251117_0166,user_024,shipping,2025-11-17T04:31:45.067839Z,,150,인천 계양구 1동 1700호,2025-11-17T04:31:45.067839Z
ORD_20251211_0167,user_008,shipping,2025-12-11T04:31:45.067839Z,,486,대구 수성구 11동 1744호,2025-12-11T04:31:45.067839Z
ORD_20251014_0168,user_062,delivered,2025-10-14T04:31:45.067839Z,2025-10-18T04:31:45.067839Z,3758,울산 중구 7동 412호,2025-10-14T04:31:45.067839Z
ORD_20251009_0169,user_099,cancelled,2025-10-09T04:31:45.067839Z,,53,인천 남동구 20동 1667호,2025-10-09T04:31:45.067839Z
ORD_20251103_0170,user_074,shipping,2025-11-03T04:31:45.067839Z,,60,대전 서구 16동 1905호,2025-11-03T04:31:45.067839Z
ORD_20251011_0171,user_073,confirmed,2025-10-11T04:31:45.067839Z,,40,대전 유성구 2동 2367호,2025-10-11T04:31:45.067839Z
ORD_20251124_0172,user_078,pending,2025-11-24T04:31:45.067839Z,,93,대구 달서구 18동 408호,2025-11-24T04:31:45.067839Z
ORD_20251204_0173,user_091,delivered,2025-12-04T04:31:45.067839Z,2025-12-10T04:31:45.067839Z,975,대전 유성구 10동 1323호,2025-12-04T04:31:45.067839Z
ORD_20251028_0174,user_094,delivered,2025-10-28T04:31:45.067839Z,2025-11-02T04:31:45.067839Z,268,세종 아름동 17동 1972호,2025-10-28T04:31:45.067839Z
ORD_20251222_0175,user_023,cancelled,2025-12-22T04:31:45.067839Z,,2224,서울 강남구 3동 1069호,2025-12-22T04:31:45.067839Z
ORD_20251112_0176,user_045,confirmed,2025-11-12T04:31:45.067839Z,,120,대구 중구 19동 2585호,2025-11-12T04:31:45.067839Z
ORD_20251214_0177,user_089,shipping,2025-12-14T04:31:45.067839Z,,180,부산 수영구 16동 1296호,2025-12-14T04:31:45.067839Z
ORD_20251020_0178,user_053,delivered,2025-10-20T04:31:45.067839Z,2025-10-24T04:31:45.067839Z,157,인천 연수구 8동 1669호,2025-10-20T04:31:45.067839Z
ORD_20251201_0179,user_044,delivered,2025-12-01T04:31:45.067839Z,2025-12-04T04:31:45.067839Z,60,울산 동구 13동 813호,2025-12-01T04:31:45.067839Z
ORD_20251201_0180,user_084,delivered,2025-12-01T04:31:45.067839Z,2025-12-06T04:31:45.067839Z,122,세종 새롬동 14동 1466호,2025-12-01T04:31:45.067839Z
ORD_20250929_0181,user_034,shipping,2025-09-29T04:31:45.067839Z,,325,세종 한솔동 14동 2398호,2025-09-29T04:31:45.067839Z
ORD_20251029_0182,user_001,pending,2025-10-29T04:31:45.067839Z,,603,인천 남동구 18동 457호,2025-10-29T04:31:45.067839Z
ORD_20250929_0183,user_063,shipping,2025-09-29T04:31:45.067839Z,,447,광주 북구 14동 1618호,2025-09-29T04:31:45.067839Z
ORD_20251215_0184,user_073,confirmed,2025-12-15T04:31:45.067839Z,,37,대전 유성구 2동 2367호,2025-12-15T04:31:45.067839Z
ORD_20251013_0185,user_030,pending,2025-10-13T04:31:45.067839Z,,256,부산 수영구 12동 1268호,2025-10-13T04:31:45.067839Z
ORD_20251201_0186,user_023,cancelled,2025-12-01T04:31:45.067839Z,,499,서울 강남구 3동 1069호,2025-12-01T04:31:45.067839Z
ORD_20251112_0187,user_034,cancelled,2025-11-12T04:31:45.067839Z,,1500,세종 한솔동 14동 2398호,2025-11-12T04:31:45.067839Z
ORD_20251025_0188,user_067,cancelled,2025-10-25T04:31:45.067839Z,,7,대구 북구 9동 1495호,2025-10-25T04:31:45.067839Z
ORD_20251009_0189,user_076,delivered,2025-10-09T04:31:45.067839Z,2025-10-11T04:31:45.067839Z,8,대구 수성구 18동 1805호,2025-10-09T04:31:45.067839Z
ORD_20251021_0190,user_084,delivered,2025-10-21T04:31:45.067839Z,2025-10-26T04:31:45.067839Z,2200,세종 새롬동 14동 1466호,2025-10-21T04:31:45.067839Z
ORD_20250925_0191,user_088,shipping,2025-09-25T04:31:45.067839Z,,172,대구 달서구 10동 2357호,2025-09-25T04:31:45.067839Z
ORD_20250926_0192,user_090,pending,2025-09-26T04:31:45.067839Z,,69,인천 계양구 7동 2556호,2025-09-26T04:31:45.067839Z
ORD_20251211_0193,user_083,confirmed,2025-12-11T04:31:45.067839Z,,114,서울 송파구 16동 2226호,2025-12-11T04:31:45.067839Z
ORD_20251019_0194,user_091,shipping,2025-10-19T04:31:45.067839Z,,372,대전 유성구 10동 1323호,2025-10-19T04:31:45.067839Z
ORD_20251102_0195,user_065,delivered,2025-11-02T04:31:45.067839Z,2025-11-04T04:31:45.067839Z,49,세종 새롬동 14동 2527호,2025-11-02T04:31:45.067839Z
ORD_20251008_0196,user_061,delivered,2025-10-08T04:31:45.067839Z,2025-10-12T04:31:45.067839Z,48,대전 서구 6동 2582호,2025-10-08T04:31:45.067839Z
ORD_20251125_0197,user_100,delivered,2025-11-25T04:31:45.067839Z,2025-12-02T04:31:45.067839Z,325,대전 서구 9동 139호,2025-11-25T04:31:45.067839Z
ORD_20251130_0198,user_083,delivered,2025-11-30T04:31:45.067839Z,2025-12-02T04:31:45.067839Z,129,서울 송파구 16동 2226호,2025-11-30T04:31:45.067839Z
ORD_20251120_0199,user_059,confirmed,2025-11-20T04:31:45.067839Z,,2653,대전 유성구 16동 180호,2025-11-20T04:31:45.067839Z
ORD_20251109_0200,user_009,cancelled,2025-11-09T04:31:45.067839Z,,135,세종 새롬동 15동 686호,2025-11-09T04:31:45.067839Z
ORD_20251112_0201,user_085,delivered,2025-11-12T04:31:45.067839Z,2025-11-19T04:31:45.067839Z,20,대전 중구 13동 2354호,2025-11-12T04:31:45.067839Z
ORD_20251218_0202,user_095,delivered,2025-12-18T04:31:45.067839Z,2025-12-24T04:31:45.067839Z,129,대전 서구 20동 1729호,2025-12-18T04:31:45.067839Z
ORD_20251201_0203,user_039,delivered,2025-12-01T04:31:45.067839Z,2025-12-07T04:31:45.067839Z,74,대구 중구 11동 1242호,2025-12-01T04:31:45.067839Z
ORD_20251110_0204,user_088,delivered,2025-11-10T04:31:45.067839Z,2025-11-13T04:31:45.067839Z,114,대구 달서구 10동 2357호,2025-11-10T04:31:45.067839Z
ORD_20251002_0205,user_007,delivered,2025-10-02T04:31:45.067839Z,2025-10-08T04:31:45.067839Z,26,대구 달서구 15동 1655호,2025-10-02T04:31:45.067839Z
ORD_20251216_0206,user_053,delivered,2025-12-16T04:31:45.067839Z,2025-12-19T04:31:45.067839Z,52,인천 연수구 8동 1669호,2025-12-16T04:31:45.067839Z
ORD_20251212_0207,user_100,delivered,2025-12-12T04:31:45.067839Z,2025-12-19T04:31:45.067839Z,48,대전 서구 9동 139호,2025-12-12T04:31:45.067839Z
ORD_20251202_0208,user_098,delivered,2025-12-02T04:31:45.067839Z,2025-12-04T04:31:45.067839Z,63,대전 서구 12동 1865호,2025-12-02T04:31:45.067839Z
ORD_20251127_0209,user_069,delivered,2025-11-27T04:31:45.067839Z,2025-11-29T04:31:45.067839Z,237,서울 서초구 10동 1008호,2025-11-27T04:31:45.067839Z
ORD_20251103_0210,user_014,delivered,2025-11-03T04:31:45.067839Z,2025-11-07T04:31:45.067839Z,1972,광주 광산구 18동 2273호,2025-11-03T04:31:45.067839Z
ORD_20251109_0211,user_068,shipping,2025-11-09T04:31:45.067839Z,,506,대구 수성구 8동 1765호,2025-11-09T04:31:45.067839Z
ORD_20251206_0212,user_029,confirmed,2025-12-06T04:31:45.067839Z,,8,세종 한솔동 19동 510호,2025-12-06T04:31:45.067839Z
ORD_20251120_0213,user_082,delivered,2025-11-20T04:31:45.067839Z,2025-11-26T04:31:45.067839Z,60,서울 강서구 11동 2573호,2025-11-20T04:31:45.067839Z
ORD_20251027_0214,user_054,shipping,2025-10-27T04:31:45.067839Z,,979,세종 새롬동 2동 948호,2025-10-27T04:31:45.067839Z
ORD_20251209_0215,user_054,delivered,2025-12-09T04:31:45.067839Z,2025-12-15T04:31:45.067839Z,10,세종 새롬동 2동 948호,2025-12-09T04:31:45.067839Z
ORD_20251119_0216,user_026,delivered,2025-11-19T04:31:45.067839Z,2025-11-22T04:31:45.067839Z,220,인천 남동구 17동 429호,2025-11-19T04:31:45.067839Z
ORD_20251221_0217,user_001,delivered,2025-12-21T04:31:45.067839Z,2025-12-23T04:31:45.067839Z,146,인천 남동구 18동 457호,2025-12-21T04:31:45.067839Z
ORD_20251217_0218,user_023,delivered,2025-12-17T04:31:45.067839Z,2025-12-21T04:31:45.067839Z,282,서울 강남구 3동 1069호,2025-12-17T04:31:45.067839Z
ORD_20251118_0219,user_080,delivered,2025-11-18T04:31:45.067839Z,2025-11-20T04:31:45.067839Z,1160,부산 남구 8동 711호,2025-11-18T04:31:45.067839Z
ORD_20251201_0220,user_084,confirmed,2025-12-01T04:31:45.067839Z,,33,세종 새롬동 14동 1466호,2025-12-01T04:31:45.067839Z
ORD_20251027_0221,user_087,confirmed,2025-10-27T04:31:45.067839Z,,374,세종 아름동 7동 1194호,2025-10-27T04:31:45.067839Z
ORD_20250927_0222,user_002,delivered,2025-09-27T04:31:45.067839Z,2025-10-04T04:31:45.067839Z,375,서울 마포구 18동 1819호,2025-09-27T04:31:45.067839Z
ORD_20251001_0223,user_002,cancelled,2025-10-01T04:31:45.067839Z,,367,서울 마포구 18동 1819호,2025-10-01T04:31:45.067839Z
ORD_20251025_0224,user_011,shipping,2025-10-25T04:31:45.067839Z,,545,인천 연수구 14동 2543호,2025-10-25T04:31:45.067839Z
ORD_20251013_0225,user_072,pending,2025-10-13T04:31:45.067839Z,,48,대전 유성구 7동 1314호,2025-10-13T04:31:45.067839Z
ORD_20251124_0226,user_007,delivered,2025-11-24T04:31:45.067839Z,2025-11-28T04:31:45.067839Z,463,대구 달서구 15동 1655호,2025-11-24T04:31:45.067839Z
ORD_20251209_0227,user_090,pending,2025-12-09T04:31:45.067839Z,,457,인천 계양구 7동 2556호,2025-12-09T04:31:45.067839Z
ORD_20251207_0228,user_025,cancelled,2025-12-07T04:31:45.067839Z,,179,대구 북구 7동 340호,2025-12-07T04:31:45.067839Z
ORD_20251205_0229,user_065,cancelled,2025-12-05T04:31:45.067839Z,,30,세종 새롬동 14동 2527호,2025-12-05T04:31:45.067839Z
ORD_20251130_0230,user_100,delivered,2025-11-30T04:31:45.067839Z,2025-12-03T04:31:45.067839Z,313,대전 서구 9동 139호,2025-11-30T04:31:45.067839Z
ORD_20250925_0231,user_078,delivered,2025-09-25T04:31:45.067839Z,2025-09-29T04:31:45.067839Z,219,대구 달서구 18동 408호,2025-09-25T04:31:45.067839Z
ORD_20251013_0232,user_092,delivered,2025-10-13T04:31:45.067839Z,2025-10-16T04:31:45.067839Z,73,울산 중구 11동 873호,2025-10-13T04:31:45.067839Z
ORD_20251022_0233,user_072,delivered,2025-10-22T04:31:45.067839Z,2025-10-29T04:31:45.067839Z,279,대전 유성구 7동 1314호,2025-10-22T04:31:45.067839Z
ORD_20250926_0234,user_037,shipping,2025-09-26T04:31:45.067839Z,,13,울산 남구 6동 1461호,2025-09-26T04:31:45.067839Z
ORD_20250927_0235,user_079,delivered,2025-09-27T04:31:45.067839Z,2025-09-30T04:31:45.067839Z,3499,서울 마포구 10동 1259호,2025-09-27T04:31:45.067839Z
ORD_20251027_0236,user_080,delivered,2025-10-27T04:31:45.067839Z,2025-11-03T04:31:45.067839Z,71,부산 남구 8동 711호,2025-10-27T04:31:45.067839Z
ORD_20251104_0237,user_016,pending,2025-11-04T04:31:45.067839Z,,277,인천 계양구 18동 777호,2025-11-04T04:31:45.067839Z
ORD_20251111_0238,user_020,delivered,2025-11-11T04:31:45.067839Z,2025-11-18T04:31:45.067839Z,232,세종 아름동 16동 1768호,2025-11-11T04:31:45.067839Z
ORD_20251211_0239,user_052,shipping,2025-12-11T04:31:45.067839Z,,256,대구 북구 15동 418호,2025-12-11T04:31:45.067839Z
ORD_20250928_0240,user_015,shipping,2025-09-28T04:31:45.067839Z,,652,대전 유성구 2동 1087호,2025-09-28T04:31:45.067839Z
ORD_20251116_0241,user_070,pending,2025-11-16T04:31:45.067839Z,,323,광주 서구 18동 1455호,2025-11-16T04:31:45.067839Z
ORD_20251003_0242,user_001,pending,2025-10-03T04:31:45.067839Z,,140,인천 남동구 18동 457호,2025-10-03T04:31:45.067839Z
ORD_20251025_0243,user_004,delivered,2025-10-25T04:31:45.067839Z,2025-10-27T04:31:45.067839Z,20,대전 유성구 15동 2297호,2025-10-25T04:31:45.067839Z
ORD_20251123_0244,user_074,cancelled,2025-11-23T04:31:45.067839Z,,1388,대전 서구 16동 1905호,2025-11-23T04:31:45.067839Z
ORD_20251009_0245,user_097,pending,2025-10-09T04:31:45.067839Z,,48,울산 남구 4동 1918호,2025-10-09T04:31:45.067839Z
ORD_20251116_0246,user_012,delivered,2025-11-16T04:31:45.067839Z,2025-11-21T04:31:45.067839Z,305,서울 서초구 18동 1193호,2025-11-16T04:31:45.067839Z
ORD_20250927_0247,user_039,delivered,2025-09-27T04:31:45.067839Z,2025-10-04T04:31:45.067839Z,105,대구 중구 11동 1242호,2025-09-27T04:31:45.067839Z
ORD_20251126_0248,user_040,delivered,2025-11-26T04:31:45.067839Z,2025-12-03T04:31:45.067839Z,116,광주 광산구 4동 1170호,2025-11-26T04:31:45.067839Z
ORD_20251011_0249,user_086,delivered,2025-10-11T04:31:45.067839Z,2025-10-17T04:31:45.067839Z,1576,울산 동구 1동 2323호,2025-10-11T04:31:45.067839Z
ORD_20250930_0250,user_086,confirmed,2025-09-30T04:31:45.067839Z,,733,울산 동구 1동 2323호,2025-09-30T04:31:45.067839Z
ORD_20251011_0251,user_073,shipping,2025-10-11T04:31:45.067839Z,,455,대전 유성구 2동 2367호,2025-10-11T04:31:45.067839Z
ORD_20251110_0252,user_087,delivered,2025-11-10T04:31:45.067839Z,2025-11-15T04:31:45.067839Z,1116,세종 아름동 7동 1194호,2025-11-10T04:31:45.067839Z
ORD_20251003_0253,user_034,pending,2025-10-03T04:31:45.067839Z,,24,세종 한솔동 14동 2398호,2025-10-03T04:31:45.067839Z
ORD_20251013_0254,user_005,shipping,2025-10-13T04:31:45.067839Z,,306,부산 해운대구 8동 1286호,2025-10-13T04:31:45.067839Z
ORD_20250929_0255,user_002,confirmed,2025-09-29T04:31:45.067839Z,,1982,서울 마포구 18동 1819호,2025-09-29T04:31:45.067839Z
ORD_20251021_0256,user_098,confirmed,2025-10-21T04:31:45.067839Z,,112,대전 서구 12동 1865호,2025-10-21T04:31:45.067839Z
ORD_20251217_0257,user_006,cancelled,2025-12-17T04:31:45.067839Z,,85,광주 광산구 12동 1556호,2025-12-17T04:31:45.067839Z
ORD_20250930_0258,user_076,delivered,2025-09-30T04:31:45.067839Z,2025-10-02T04:31:45.067839Z,2766,대구 수성구 18동 1805호,2025-09-30T04:31:45.067839Z
ORD_20251018_0259,user_010,delivered,2025-10-18T04:31:45.067839Z,2025-10-21T04:31:45.067839Z,69,울산 동구 13동 1583호,2025-10-18T04:31:45.067839Z
ORD_20251208_0260,user_093,delivered,2025-12-08T04:31:45.067839Z,2025-12-13T04:31:45.067839Z,111,세종 한솔동 13동 1682호,2025-12-08T04:31:45.067839Z
ORD_20251204_0261,user_074,pending,2025-12-04T04:31:45.067839Z,,234,대전 서구 16동 1905호,2025-12-04T04:31:45.067839Z
ORD_20251023_0262,user_078,delivered,2025-10-23T04:31:45.067839Z,2025-10-26T04:31:45.067839Z,81,대구 달서구 18동 408호,2025-10-23T04:31:45.067839Z
ORD_20251008_0263,user_077,pending,2025-10-08T04:31:45.067839Z,,4502,대전 중구 20동 347호,2025-10-08T04:31:45.067839Z
ORD_20251023_0264,user_023,cancelled,2025-10-23T04:31:45.067839Z,,1122,서울 강남구 3동 1069호,2025-10-23T04:31:45.067839Z
ORD_20250924_0265,user_006,delivered,2025-09-24T04:31:45.067839Z,2025-09-27T04:31:45.067839Z,192,광주 광산구 12동 1556호,2025-09-24T04:31:45.067839Z
ORD_20251120_0266,user_053,confirmed,2025-11-20T04:31:45.067839Z,,240,인천 연수구 8동 1669호,2025-11-20T04:31:45.067839Z
ORD_20251106_0267,user_053,confirmed,2025-11-06T04:31:45.067839Z,,380,인천 연수구 8동 1669호,2025-11-06T04:31:45.067839Z
ORD_20251130_0268,user_062,shipping,2025-11-30T04:31:45.067839Z,,13329,울산 중구 7동 412호,2025-11-30T04:31:45.067839Z
ORD_20251018_0269,user_028,shipping,2025-10-18T04:31:45.067839Z,,99,광주 광산구 9동 1722호,2025-10-18T04:31:45.067839Z
ORD_20251214_0270,user_012,shipping,2025-12-14T04:31:45.067839Z,,80,서울 서초구 18동 1193호,2025-12-14T04:31:45.067839Z
ORD_20251130_0271,user_100,delivered,2025-11-30T04:31:45.067839Z,2025-12-05T04:31:45.067839Z,39,대전 서구 9동 139호,2025-11-30T04:31:45.067839Z
ORD_20251017_0272,user_066,delivered,2025-10-17T04:31:45.067839Z,2025-10-23T04:31:45.067839Z,436,대구 중구 19동 1653호,2025-10-17T04:31:45.067839Z
ORD_20251101_0273,user_100,shipping,2025-11-01T04:31:45.067839Z,,1498,대전 서구 9동 139호,2025-11-01T04:31:45.067839Z
ORD_20251128_0274,user_078,delivered,2025-11-28T04:31:45.067839Z,2025-12-03T04:31:45.067839Z,199,대구 달서구 18동 408호,2025-11-28T04:31:45.067839Z
ORD_20251120_0275,user_074,delivered,2025-11-20T04:31:45.067839Z,2025-11-25T04:31:45.067839Z,90,대전 서구 16동 1905호,2025-11-20T04:31:45.067839Z
ORD_20251031_0276,user_041,cancelled,2025-10-31T04:31:45.067839Z,,197,광주 서구 20동 2195호,2025-10-31T04:31:45.067839Z
ORD_20251010_0277,user_028,shipping,2025-10-10T04:31:45.067839Z,,1445,광주 광산구 9동 1722호,2025-10-10T04:31:45.067839Z
ORD_20251121_0278,user_026,delivered,2025-11-21T04:31:45.067839Z,2025-11-25T04:31:45.067839Z,344,인천 남동구 17동 429호,2025-11-21T04:31:45.067839Z
ORD_20251022_0279,user_006,shipping,2025-10-22T04:31:45.067839Z,,241,광주 광산구 12동 1556호,2025-10-22T04:31:45.067839Z
ORD_20251016_0280,user_007,delivered,2025-10-16T04:31:45.067839Z,2025-10-21T04:31:45.067839Z,2700,대구 달서구 15동 1655호,2025-10-16T04:31:45.067839Z
ORD_20251210_0281,user_075,shipping,2025-12-10T04:31:45.067839Z,,445,울산 중구 3동 2464호,2025-12-10T04:31:45.067839Z
ORD_20251105_0282,user_090,shipping,2025-11-05T04:31:45.067839Z,,309,인천 계양구 7동 2556호,2025-11-05T04:31:45.067839Z
ORD_20251127_0283,user_049,confirmed,2025-11-27T04:31:45.067839Z,,194,대구 달서구 17동 2003호,2025-11-27T04:31:45.067839Z
ORD_20251112_0284,user_093,delivered,2025-11-12T04:31:45.067839Z,2025-11-16T04:31:45.067839Z,1511,세종 한솔동 13동 1682호,2025-11-12T04:31:45.067839Z
ORD_20251110_0285,user_058,shipping,2025-11-10T04:31:45.067839Z,,746,서울 용산구 13동 1441호,2025-11-10T04:31:45.067839Z
ORD_20250927_0286,user_042,delivered,2025-09-27T04:31:45.067839Z,2025-10-04T04:31:45.067839Z,127,울산 남구 17동 2306호,2025-09-27T04:31:45.067839Z
ORD_20251213_0287,user_052,pending,2025-12-13T04:31:45.067839Z,,303,대구 북구 15동 418호,2025-12-13T04:31:45.067839Z
ORD_20251106_0288,user_057,delivered,2025-11-06T04:31:45.067839Z,2025-11-12T04:31:45.067839Z,238,인천 남동구 13동 2525호,2025-11-06T04:31:45.067839Z
ORD_20251102_0289,user_022,confirmed,2025-11-02T04:31:45.067839Z,,480,대구 중구 5동 1829호,2025-11-02T04:31:45.067839Z
ORD_20251212_0290,user_098,confirmed,2025-12-12T04:31:45.067839Z,,1285,대전 서구 12동 1865호,2025-12-12T04:31:45.067839Z
ORD_20251218_0291,user_004,delivered,2025-12-18T04:31:45.067839Z,2025-12-22T04:31:45.067839Z,280,대전 유성구 15동 2297호,2025-12-18T04:31:45.067839Z
ORD_20251002_0292,user_068,delivered,2025-10-02T04:31:45.067839Z,2025-10-06T04:31:45.067839Z,100,대구 수성구 8동 1765호,2025-10-02T04:31:45.067839Z
ORD_20251222_0293,user_002,delivered,2025-12-22T04:31:45.067839Z,2025-12-25T04:31:45.067839Z,203,서울 마포구 18동 1819호,2025-12-22T04:31:45.067839Z
ORD_20251123_0294,user_077,delivered,2025-11-23T04:31:45.067839Z,2025-11-29T04:31:45.067839Z,77,대전 중구 20동 347호,2025-11-23T04:31:45.067839Z
ORD_20251029_0295,user_011,delivered,2025-10-29T04:31:45.067839Z,2025-11-04T04:31:45.067839Z,160,인천 연수구 14동 2543호,2025-10-29T04:31:45.067839Z
ORD_20251004_0296,user_090,delivered,2025-10-04T04:31:45.067839Z,2025-10-08T04:31:45.067839Z,18,인천 계양구 7동 2556호,2025-10-04T04:31:45.067839Z
ORD_20251206_0297,user_035,delivered,2025-12-06T04:31:45.067839Z,2025-12-13T04:31:45.067839Z,850,광주 북구 18동 707호,2025-12-06T04:31:45.067839Z
ORD_20251030_0298,user_044,shipping,2025-10-30T04:31:45.067839Z,,123,울산 동구 13동 813호,2025-10-30T04:31:45.067839Z
ORD_20251128_0299,user_024,delivered,2025-11-28T04:31:45.067839Z,2025-12-02T04:31:45.067839Z,124,인천 계양구 1동 1700호,2025-11-28T04:31:45.067839Z
ORD_20251126_0300,user_086,delivered,2025-11-26T04:31:45.067839Z,2025-12-03T04:31:45.067839Z,158,울산 동구 1동 2323호,2025-11-26T04:31:45.067839Z
ORD_20251106_0301,user_026,delivered,2025-11-06T04:31:45.067839Z,2025-11-13T04:31:45.067839Z,49,인천 남동구 17동 429호,2025-11-06T04:31:45.067839Z
ORD_20251207_0302,user_075,shipping,2025-12-07T04:31:45.067839Z,,174,울산 중구 3동 2464호,2025-12-07T04:31:45.067839Z
ORD_20251211_0303,user_048,confirmed,2025-12-11T04:31:45.067839Z,,960,대구 중구 16동 1737호,2025-12-11T04:31:45.067839Z
ORD_20251012_0304,user_041,delivered,2025-10-12T04:31:45.067839Z,2025-10-16T04:31:45.067839Z,241,광주 서구 20동 2195호,2025-10-12T04:31:45.067839Z
ORD_20251014_0305,user_038,delivered,2025-10-14T04:31:45.067839Z,2025-10-17T04:31:45.067839Z,3275,세종 아름동 7동 1986호,2025-10-14T04:31:45.067839Z
ORD_20251106_0306,user_070,delivered,2025-11-06T04:31:45.067839Z,2025-11-13T04:31:45.067839Z,204,광주 서구 18동 1455호,2025-11-06T04:31:45.067839Z
ORD_20251013_0307,user_099,confirmed,2025-10-13T04:31:45.067839Z,,1545,인천 남동구 20동 1667호,2025-10-13T04:31:45.067839Z
ORD_20251127_0308,user_005,confirmed,2025-11-27T04:31:45.067839Z,,3087,부산 해운대구 8동 1286호,2025-11-27T04:31:45.067839Z
ORD_20250924_0309,user_080,delivered,2025-09-24T04:31:45.067839Z,2025-09-26T04:31:45.067839Z,62,부산 남구 8동 711호,2025-09-24T04:31:45.067839Z
ORD_20251030_0310,user_072,delivered,2025-10-30T04:31:45.067839Z,2025-11-06T04:31:45.067839Z,51,대전 유성구 7동 1314호,2025-10-30T04:31:45.067839Z
ORD_20251017_0311,user_028,pending,2025-10-17T04:31:45.067839Z,,533,광주 광산구 9동 1722호,2025-10-17T04:31:45.067839Z
ORD_20251209_0312,user_054,delivered,2025-12-09T04:31:45.067839Z,2025-12-15T04:31:45.067839Z,204,세종 새롬동 2동 948호,2025-12-09T04:31:45.067839Z
ORD_20251007_0313,user_069,shipping,2025-10-07T04:31:45.067839Z,,115,서울 서초구 10동 1008호,2025-10-07T04:31:45.067839Z
ORD_20251125_0314,user_070,shipping,2025-11-25T04:31:45.067839Z,,1180,광주 서구 18동 1455호,2025-11-25T04:31:45.067839Z
ORD_20251124_0315,user_039,confirmed,2025-11-24T04:31:45.067839Z,,171,대구 중구 11동 1242호,2025-11-24T04:31:45.067839Z
ORD_20251009_0316,user_047,confirmed,2025-10-09T04:31:45.067839Z,,2852,대구 달서구 1동 290호,2025-10-09T04:31:45.067839Z
ORD_20250925_0317,user_063,delivered,2025-09-25T04:31:45.067839Z,2025-09-27T04:31:45.067839Z,2148,광주 북구 14동 1618호,2025-09-25T04:31:45.067839Z
ORD_20251016_0318,user_040,pending,2025-10-16T04:31:45.067839Z,,284,광주 광산구 4동 1170호,2025-10-16T04:31:45.067839Z
ORD_20251204_0319,user_051,confirmed,2025-12-04T04:31:45.067839Z,,1217,세종 아름동 16동 1944호,2025-12-04T04:31:45.067839Z
ORD_20251019_0320,user_052,shipping,2025-10-19T04:31:45.067839Z,,624,대구 북구 15동 418호,2025-10-19T04:31:45.067839Z
ORD_20251005_0321,user_072,cancelled,2025-10-05T04:31:45.067839Z,,517,대전 유성구 7동 1314호,2025-10-05T04:31:45.067839Z
ORD_20251111_0322,user_025,shipping,2025-11-11T04:31:45.067839Z,,80,대구 북구 7동 340호,2025-11-11T04:31:45.067839Z
ORD_20251217_0323,user_057,cancelled,2025-12-17T04:31:45.067839Z,,82,인천 남동구 13동 2525호,2025-12-17T04:31:45.067839Z
ORD_20251204_0324,user_080,delivered,2025-12-04T04:31:45.067839Z,2025-12-08T04:31:45.067839Z,154,부산 남구 8동 711호,2025-12-04T04:31:45.067839Z
ORD_20251110_0325,user_003,confirmed,2025-11-10T04:31:45.067839Z,,4653,광주 서구 5동 982호,2025-11-10T04:31:45.067839Z
ORD_20251127_0326,user_037,delivered,2025-11-27T04:31:45.067839Z,2025-12-03T04:31:45.067839Z,205,울산 남구 6동 1461호,2025-11-27T04:31:45.067839Z
ORD_20251115_0327,user_003,delivered,2025-11-15T04:31:45.067839Z,2025-11-22T04:31:45.067839Z,3356,광주 서구 5동 982호,2025-11-15T04:31:45.067839Z
ORD_20251220_0328,user_072,pending,2025-12-20T04:31:45.067839Z,,447,대전 유성구 7동 1314호,2025-12-20T04:31:45.067839Z
ORD_20251003_0329,user_008,shipping,2025-10-03T04:31:45.067839Z,,341,대구 수성구 11동 1744호,2025-10-03T04:31:45.067839Z
ORD_20251122_0330,user_054,delivered,2025-11-22T04:31:45.067839Z,2025-11-27T04:31:45.067839Z,164,세종 새롬동 2동 948호,2025-11-22T04:31:45.067839Z
ORD_20251028_0331,user_018,cancelled,2025-10-28T04:31:45.067839Z,,274,광주 광산구 19동 2369호,2025-10-28T04:31:45.067839Z
ORD_20251219_0332,user_094,delivered,2025-12-19T04:31:45.067839Z,2025-12-24T04:31:45.067839Z,302,세종 아름동 17동 1972호,2025-12-19T04:31:45.067839Z
ORD_20251123_0333,user_079,delivered,2025-11-23T04:31:45.067839Z,2025-11-26T04:31:45.067839Z,174,서울 마포구 10동 1259호,2025-11-23T04:31:45.067839Z
ORD_20250930_0334,user_061,shipping,2025-09-30T04:31:45.067839Z,,225,대전 서구 6동 2582호,2025-09-30T04:31:45.067839Z
ORD_20250928_0335,user_096,cancelled,2025-09-28T04:31:45.067839Z,,107,세종 한솔동 2동 381호,2025-09-28T04:31:45.067839Z
ORD_20251029_0336,user_032,shipping,2025-10-29T04:31:45.067839Z,,54,대전 중구 7동 1505호,2025-10-29T04:31:45.067839Z
ORD_20251015_0337,user_077,delivered,2025-10-15T04:31:45.067839Z,2025-10-22T04:31:45.067839Z,80,대전 중구 20동 347호,2025-10-15T04:31:45.067839Z
ORD_20251102_0338,user_069,cancelled,2025-11-02T04:31:45.067839Z,,596,서울 서초구 10동 1008호,2025-11-02T04:31:45.067839Z
ORD_20251114_0339,user_051,delivered,2025-11-14T04:31:45.067839Z,2025-11-18T04:31:45.067839Z,139,세종 아름동 16동 1944호,2025-11-14T04:31:45.067839Z
ORD_20251009_0340,user_024,cancelled,2025-10-09T04:31:45.067839Z,,732,인천 계양구 1동 1700호,2025-10-09T04:31:45.067839Z
ORD_20250925_0341,user_042,delivered,2025-09-25T04:31:45.067839Z,2025-10-02T04:31:45.067839Z,1766,울산 남구 17동 2306호,2025-09-25T04:31:45.067839Z
ORD_20251103_0342,user_068,delivered,2025-11-03T04:31:45.067839Z,2025-11-09T04:31:45.067839Z,403,대구 수성구 8동 1765호,2025-11-03T04:31:45.067839Z
ORD_20251113_0343,user_040,delivered,2025-11-13T04:31:45.067839Z,2025-11-18T04:31:45.067839Z,119,광주 광산구 4동 1170호,2025-11-13T04:31:45.067839Z
ORD_20251014_0344,user_064,delivered,2025-10-14T04:31:45.067839Z,2025-10-20T04:31:45.067839Z,652,부산 동래구 12동 1984호,2025-10-14T04:31:45.067839Z
ORD_20251003_0345,user_080,delivered,2025-10-03T04:31:45.067839Z,2025-10-06T04:31:45.067839Z,52,부산 남구 8동 711호,2025-10-03T04:31:45.067839Z
ORD_20250928_0346,user_005,delivered,2025-09-28T04:31:45.067839Z,2025-10-04T04:31:45.067839Z,296,부산 해운대구 8동 1286호,2025-09-28T04:31:45.067839Z
ORD_20251012_0347,user_074,confirmed,2025-10-12T04:31:45.067839Z,,1059,대전 서구 16동 1905호,2025-10-12T04:31:45.067839Z
ORD_20251205_0348,user_061,confirmed,2025-12-05T04:31:45.067839Z,,332,대전 서구 6동 2582호,2025-12-05T04:31:45.067839Z
ORD_20251022_0349,user_012,delivered,2025-10-22T04:31:45.067839Z,2025-10-28T04:31:45.067839Z,129,서울 서초구 18동 1193호,2025-10-22T04:31:45.067839Z
ORD_20251017_0350,user_064,delivered,2025-10-17T04:31:45.067839Z,2025-10-22T04:31:45.067839Z,606,부산 동래구 12동 1984호,2025-10-17T04:31:45.067839Z
ORD_20251217_0351,user_053,shipping,2025-12-17T04:31:45.067839Z,,563,인천 연수구 8동 1669호,2025-12-17T04:31:45.067839Z
ORD_20251102_0352,user_044,delivered,2025-11-02T04:31:45.067839Z,2025-11-08T04:31:45.067839Z,17,울산 동구 13동 813호,2025-11-02T04:31:45.067839Z
ORD_20251001_0353,user_005,confirmed,2025-10-01T04:31:45.067839Z,,312,부산 해운대구 8동 1286호,2025-10-01T04:31:45.067839Z
ORD_20251015_0354,user_072,pending,2025-10-15T04:31:45.067839Z,,945,대전 유성구 7동 1314호,2025-10-15T04:31:45.067839Z
ORD_20251113_0355,user_015,delivered,2025-11-13T04:31:45.067839Z,2025-11-17T04:31:45.067839Z,18,대전 유성구 2동 1087호,2025-11-13T04:31:45.067839Z
ORD_20251114_0356,user_058,confirmed,2025-11-14T04:31:45.067839Z,,1007,서울 용산구 13동 1441호,2025-11-14T04:31:45.067839Z
ORD_20251203_0357,user_065,confirmed,2025-12-03T04:31:45.067839Z,,8381,세종 새롬동 14동 2527호,2025-12-03T04:31:45.067839Z
ORD_20251222_0358,user_015,shipping,2025-12-22T04:31:45.067839Z,,32,대전 유성구 2동 1087호,2025-12-22T04:31:45.067839Z
ORD_20250929_0359,user_099,delivered,2025-09-29T04:31:45.067839Z,2025-10-01T04:31:45.067839Z,733,인천 남동구 20동 1667호,2025-09-29T04:31:45.067839Z
ORD_20251208_0360,user_036,pending,2025-12-08T04:31:45.067839Z,,3402,대구 달서구 4동 1549호,2025-12-08T04:31:45.067839Z
ORD_20251027_0361,user_070,pending,2025-10-27T04:31:45.067839Z,,8,광주 서구 18동 1455호,2025-10-27T04:31:45.067839Z
ORD_20251029_0362,user_012,shipping,2025-10-29T04:31:45.067839Z,,517,서울 서초구 18동 1193호,2025-10-29T04:31:45.067839Z
ORD_20251113_0363,user_059,delivered,2025-11-13T04:31:45.067839Z,2025-11-20T04:31:45.067839Z,281,대전 유성구 16동 180호,2025-11-13T04:31:45.067839Z
ORD_20251219_0364,user_063,pending,2025-12-19T04:31:45.067839Z,,30,광주 북구 14동 1618호,2025-12-19T04:31:45.067839Z
ORD_20251010_0365,user_078,confirmed,2025-10-10T04:31:45.067839Z,,270,대구 달서구 18동 408호,2025-10-10T04:31:45.067839Z
ORD_20251015_0366,user_039,delivered,2025-10-15T04:31:45.067839Z,2025-10-21T04:31:45.067839Z,1223,대구 중구 11동 1242호,2025-10-15T04:31:45.067839Z
ORD_20250925_0367,user_070,confirmed,2025-09-25T04:31:45.067839Z,,8,광주 서구 18동 1455호,2025-09-25T04:31:45.067839Z
ORD_20251130_0368,user_057,shipping,2025-11-30T04:31:45.067839Z,,1079,인천 남동구 13동 2525호,2025-11-30T04:31:45.067839Z
ORD_20251002_0369,user_097,delivered,2025-10-02T04:31:45.067839Z,2025-10-05T04:31:45.067839Z,3030,울산 남구 4동 1918호,2025-10-02T04:31:45.067839Z
ORD_20251011_0370,user_039,delivered,2025-10-11T04:31:45.067839Z,2025-10-18T04:31:45.067839Z,113,대구 중구 11동 1242호,2025-10-11T04:31:45.067839Z
ORD_20251013_0371,user_048,cancelled,2025-10-13T04:31:45.067839Z,,102,대구 중구 16동 1737호,2025-10-13T04:31:45.067839Z
ORD_20251008_0372,user_090,shipping,2025-10-08T04:31:45.067839Z,,215,인천 계양구 7동 2556호,2025-10-08T04:31:45.067839Z
ORD_20251103_0373,user_072,delivered,2025-11-03T04:31:45.067839Z,2025-11-07T04:31:45.067839Z,5648,대전 유성구 7동 1314호,2025-11-03T04:31:45.067839Z
ORD_20251205_0374,user_011,delivered,2025-12-05T04:31:45.067839Z,2025-12-10T04:31:45.067839Z,197,인천 연수구 14동 2543호,2025-12-05T04:31:45.067839Z
ORD_20251010_0375,user_001,delivered,2025-10-10T04:31:45.067839Z,2025-10-17T04:31:45.067839Z,139,인천 남동구 18동 457호,2025-10-10T04:31:45.067839Z
ORD_20251105_0376,user_062,confirmed,2025-11-05T04:31:45.067839Z,,329,울산 중구 7동 412호,2025-11-05T04:31:45.067839Z
ORD_20251002_0377,user_088,delivered,2025-10-02T04:31:45.067839Z,2025-10-08T04:31:45.067839Z,78,대구 달서구 10동 2357호,2025-10-02T04:31:45.067839Z
ORD_20251115_0378,user_046,shipping,2025-11-15T04:31:45.067839Z,,27,인천 남동구 10동 2212호,2025-11-15T04:31:45.067839Z
ORD_20251010_0379,user_022,pending,2025-10-10T04:31:45.067839Z,,304,대구 중구 5동 1829호,2025-10-10T04:31:45.067839Z
ORD_20251117_0380,user_079,shipping,2025-11-17T04:31:45.067839Z,,206,서울 마포구 10동 1259호,2025-11-17T04:31:45.067839Z
ORD_20251122_0381,user_090,delivered,2025-11-22T04:31:45.067839Z,2025-11-28T04:31:45.067839Z,290,인천 계양구 7동 2556호,2025-11-22T04:31:45.067839Z
ORD_20251103_0382,user_099,confirmed,2025-11-03T04:31:45.067839Z,,278,인천 남동구 20동 1667호,2025-11-03T04:31:45.067839Z
ORD_20251023_0383,user_039,delivered,2025-10-23T04:31:45.067839Z,2025-10-29T04:31:45.067839Z,54,대구 중구 11동 1242호,2025-10-23T04:31:45.067839Z
ORD_20251104_0384,user_058,delivered,2025-11-04T04:31:45.067839Z,2025-11-10T04:31:45.067839Z,510,서울 용산구 13동 1441호,2025-11-04T04:31:45.067839Z
ORD_20251118_0385,user_043,shipping,2025-11-18T04:31:45.067839Z,,60,대전 중구 10동 1773호,2025-11-18T04:31:45.067839Z
ORD_20251128_0386,user_099,delivered,2025-11-28T04:31:45.067839Z,2025-12-05T04:31:45.067839Z,100,인천 남동구 20동 1667호,2025-11-28T04:31:45.067839Z
ORD_20251209_0387,user_068,delivered,2025-12-09T04:31:45.067839Z,2025-12-13T04:31:45.067839Z,19,대구 수성구 8동 1765호,2025-12-09T04:31:45.067839Z
ORD_20251125_0388,user_085,cancelled,2025-11-25T04:31:45.067839Z,,113,대전 중구 13동 2354호,2025-11-25T04:31:45.067839Z
ORD_20250924_0389,user_015,confirmed,2025-09-24T04:31:45.067839Z,,3433,대전 유성구 2동 1087호,2025-09-24T04:31:45.067839Z
ORD_20251215_0390,user_036,shipping,2025-12-15T04:31:45.067839Z,,137,대구 달서구 4동 1549호,2025-12-15T04:31:45.067839Z
ORD_20251001_0391,user_023,delivered,2025-10-01T04:31:45.067839Z,2025-10-04T04:31:45.067839Z,191,서울 강남구 3동 1069호,2025-10-01T04:31:45.067839Z
ORD_20250930_0392,user_020,delivered,2025-09-30T04:31:45.067839Z,2025-10-02T04:31:45.067839Z,254,세종 아름동 16동 1768호,2025-09-30T04:31:45.067839Z
ORD_20251214_0393,user_094,delivered,2025-12-14T04:31:45.067839Z,2025-12-16T04:31:45.067839Z,1248,세종 아름동 17동 1972호,2025-12-14T04:31:45.067839Z
ORD_20251025_0394,user_011,delivered,2025-10-25T04:31:45.067839Z,2025-10-29T04:31:45.067839Z,23,인천 연수구 14동 2543호,2025-10-25T04:31:45.067839Z
ORD_20250925_0395,user_081,shipping,2025-09-25T04:31:45.067839Z,,48,세종 아름동 15동 1346호,2025-09-25T04:31:45.067839Z
ORD_20251008_0396,user_004,confirmed,2025-10-08T04:31:45.067839Z,,67,대전 유성구 15동 2297호,2025-10-08T04:31:45.067839Z
ORD_20251125_0397,user_016,delivered,2025-11-25T04:31:45.067839Z,2025-12-02T04:31:45.067839Z,374,인천 계양구 18동 777호,2025-11-25T04:31:45.067839Z
ORD_20250930_0398,user_090,confirmed,2025-09-30T04:31:45.067839Z,,59,인천 계양구 7동 2556호,2025-09-30T04:31:45.067839Z
ORD_20251007_0399,user_064,delivered,2025-10-07T04:31:45.067839Z,2025-10-10T04:31:45.067839Z,250,부산 동래구 12동 1984호,2025-10-07T04:31:45.067839Z
ORD_20250926_0400,user_016,delivered,2025-09-26T04:31:45.067839Z,2025-09-29T04:31:45.067839Z,311,인천 계양구 18동 777호,2025-09-26T04:31:45.067839Z
ORD_20251105_0401,user_090,delivered,2025-11-05T04:31:45.067839Z,2025-11-10T04:31:45.067839Z,57,인천 계양구 7동 2556호,2025-11-05T04:31:45.067839Z
ORD_20251222_0402,user_011,pending,2025-12-22T04:31:45.067839Z,,56,인천 연수구 14동 2543호,2025-12-22T04:31:45.067839Z
ORD_20251002_0403,user_019,shipping,2025-10-02T04:31:45.067839Z,,385,부산 해운대구 11동 391호,2025-10-02T04:31:45.067839Z
ORD_20251012_0404,user_001,confirmed,2025-10-12T04:31:45.067839Z,,20,인천 남동구 18동 457호,2025-10-12T04:31:45.067839Z
ORD_20251003_0405,user_060,delivered,2025-10-03T04:31:45.067839Z,2025-10-07T04:31:45.067839Z,480,대구 달서구 1동 725호,2025-10-03T04:31:45.067839Z
ORD_20250928_0406,user_021,cancelled,2025-09-28T04:31:45.067839Z,,30,울산 중구 2동 504호,2025-09-28T04:31:45.067839Z
ORD_20251025_0407,user_079,pending,2025-10-25T04:31:45.067839Z,,6,서울 마포구 10동 1259호,2025-10-25T04:31:45.067839Z
ORD_20251122_0408,user_010,delivered,2025-11-22T04:31:45.067839Z,2025-11-28T04:31:45.067839Z,1129,울산 동구 13동 1583호,2025-11-22T04:31:45.067839Z
ORD_20251023_0409,user_010,delivered,2025-10-23T04:31:45.067839Z,2025-10-25T04:31:45.067839Z,1555,울산 동구 13동 1583호,2025-10-23T04:31:45.067839Z
ORD_20251206_0410,user_043,pending,2025-12-06T04:31:45.067839Z,,158,대전 중구 10동 1773호,2025-12-06T04:31:45.067839Z
ORD_20251013_0411,user_074,delivered,2025-10-13T04:31:45.067839Z,2025-10-15T04:31:45.067839Z,990,대전 서구 16동 1905호,2025-10-13T04:31:45.067839Z
ORD_20251124_0412,user_075,delivered,2025-11-24T04:31:45.067839Z,2025-11-30T04:31:45.067839Z,24,울산 중구 3동 2464호,2025-11-24T04:31:45.067839Z
ORD_20251016_0413,user_055,shipping,2025-10-16T04:31:45.067839Z,,456,세종 아름동 12동 1324호,2025-10-16T04:31:45.067839Z
ORD_20251031_0414,user_089,cancelled,2025-10-31T04:31:45.067839Z,,57,부산 수영구 16동 1296호,2025-10-31T04:31:45.067839Z
ORD_20251025_0415,user_021,delivered,2025-10-25T04:31:45.067839Z,2025-11-01T04:31:45.067839Z,736,울산 중구 2동 504호,2025-10-25T04:31:45.067839Z
ORD_20251218_0416,user_068,shipping,2025-12-18T04:31:45.067839Z,,206,대구 수성구 8동 1765호,2025-12-18T04:31:45.067839Z
ORD_20251024_0417,user_047,delivered,2025-10-24T04:31:45.067839Z,2025-10-28T04:31:45.067839Z,558,대구 달서구 1동 290호,2025-10-24T04:31:45.067839Z
ORD_20251124_0418,user_097,shipping,2025-11-24T04:31:45.067839Z,,1178,울산 남구 4동 1918호,2025-11-24T04:31:45.067839Z
ORD_20251023_0419,user_016,delivered,2025-10-23T04:31:45.067839Z,2025-10-30T04:31:45.067839Z,308,인천 계양구 18동 777호,2025-10-23T04:31:45.067839Z
ORD_20251208_0420,user_036,delivered,2025-12-08T04:31:45.067839Z,2025-12-13T04:31:45.067839Z,180,대구 달서구 4동 1549호,2025-12-08T04:31:45.067839Z
ORD_20251001_0421,user_057,pending,2025-10-01T04:31:45.067839Z,,115,인천 남동구 13동 2525호,2025-10-01T04:31:45.067839Z
ORD_20251001_0422,user_084,delivered,2025-10-01T04:31:45.067839Z,2025-10-06T04:31:45.067839Z,306,세종 새롬동 14동 1466호,2025-10-01T04:31:45.067839Z
ORD_20251025_0423,user_037,cancelled,2025-10-25T04:31:45.067839Z,,946,울산 남구 6동 1461호,2025-10-25T04:31:45.067839Z
ORD_20251126_0424,user_024,delivered,2025-11-26T04:31:45.067839Z,2025-11-28T04:31:45.067839Z,104,인천 계양구 1동 1700호,2025-11-26T04:31:45.067839Z
ORD_20251204_0425,user_064,cancelled,2025-12-04T04:31:45.067839Z,,354,부산 동래구 12동 1984호,2025-12-04T04:31:45.067839Z
ORD_20251027_0426,user_073,shipping,2025-10-27T04:31:45.067839Z,,18,대전 유성구 2동 2367호,2025-10-27T04:31:45.067839Z
ORD_20251004_0427,user_052,delivered,2025-10-04T04:31:45.067839Z,2025-10-09T04:31:45.067839Z,320,대구 북구 15동 418호,2025-10-04T04:31:45.067839Z
ORD_20251015_0428,user_011,delivered,2025-10-15T04:31:45.067839Z,2025-10-22T04:31:45.067839Z,20,인천 연수구 14동 2543호,2025-10-15T04:31:45.067839Z
ORD_20251215_0429,user_066,cancelled,2025-12-15T04:31:45.067839Z,,5329,대구 중구 19동 1653호,2025-12-15T04:31:45.067839Z
ORD_20251026_0430,user_040,delivered,2025-10-26T04:31:45.067839Z,2025-10-28T04:31:45.067839Z,224,광주 광산구 4동 1170호,2025-10-26T04:31:45.067839Z
ORD_20251007_0431,user_076,pending,2025-10-07T04:31:45.067839Z,,824,대구 수성구 18동 1805호,2025-10-07T04:31:45.067839Z
ORD_20251031_0432,user_001,delivered,2025-10-31T04:31:45.067839Z,2025-11-04T04:31:45.067839Z,5352,인천 남동구 18동 457호,2025-10-31T04:31:45.067839Z
ORD_20251020_0433,user_039,delivered,2025-10-20T04:31:45.067839Z,2025-10-25T04:31:45.067839Z,38,대구 중구 11동 1242호,2025-10-20T04:31:45.067839Z
ORD_20250928_0434,user_084,delivered,2025-09-28T04:31:45.067839Z,2025-10-03T04:31:45.067839Z,2119,세종 새롬동 14동 1466호,2025-09-28T04:31:45.067839Z
ORD_20251106_0435,user_096,delivered,2025-11-06T04:31:45.067839Z,2025-11-12T04:31:45.067839Z,249,세종 한솔동 2동 381호,2025-11-06T04:31:45.067839Z
ORD_20251112_0436,user_019,delivered,2025-11-12T04:31:45.067839Z,2025-11-19T04:31:45.067839Z,394,부산 해운대구 11동 391호,2025-11-12T04:31:45.067839Z
ORD_20251115_0437,user_038,delivered,2025-11-15T04:31:45.067839Z,2025-11-17T04:31:45.067839Z,1030,세종 아름동 7동 1986호,2025-11-15T04:31:45.067839Z
ORD_20251204_0438,user_046,pending,2025-12-04T04:31:45.067839Z,,187,인천 남동구 10동 2212호,2025-12-04T04:31:45.067839Z
ORD_20251013_0439,user_069,delivered,2025-10-13T04:31:45.067839Z,2025-10-15T04:31:45.067839Z,288,서울 서초구 10동 1008호,2025-10-13T04:31:45.067839Z
ORD_20251109_0440,user_067,confirmed,2025-11-09T04:31:45.067839Z,,100,대구 북구 9동 1495호,2025-11-09T04:31:45.067839Z
ORD_20251212_0441,user_017,shipping,2025-12-12T04:31:45.067839Z,,88,대구 북구 13동 1630호,2025-12-12T04:31:45.067839Z
ORD_20251218_0442,user_014,delivered,2025-12-18T04:31:45.067839Z,2025-12-24T04:31:45.067839Z,191,광주 광산구 18동 2273호,2025-12-18T04:31:45.067839Z
ORD_20251129_0443,user_026,delivered,2025-11-29T04:31:45.067839Z,2025-12-01T04:31:45.067839Z,28,인천 남동구 17동 429호,2025-11-29T04:31:45.067839Z
ORD_20251019_0444,user_021,delivered,2025-10-19T04:31:45.067839Z,2025-10-25T04:31:45.067839Z,87,울산 중구 2동 504호,2025-10-19T04:31:45.067839Z
ORD_20251015_0445,user_097,pending,2025-10-15T04:31:45.067839Z,,90,울산 남구 4동 1918호,2025-10-15T04:31:45.067839Z
ORD_20250927_0446,user_057,cancelled,2025-09-27T04:31:45.067839Z,,21,인천 남동구 13동 2525호,2025-09-27T04:31:45.067839Z
ORD_20251024_0447,user_016,confirmed,2025-10-24T04:31:45.067839Z,,47,인천 계양구 18동 777호,2025-10-24T04:31:45.067839Z
ORD_20251103_0448,user_015,shipping,2025-11-03T04:31:45.067839Z,,392,대전 유성구 2동 1087호,2025-11-03T04:31:45.067839Z
ORD_20251209_0449,user_087,shipping,2025-12-09T04:31:45.067839Z,,828,세종 아름동 7동 1194호,2025-12-09T04:31:45.067839Z
ORD_20251007_0450,user_026,delivered,2025-10-07T04:31:45.067839Z,2025-10-12T04:31:45.067839Z,50,인천 남동구 17동 429호,2025-10-07T04:31:45.067839Z
ORD_20251001_0451,user_035,cancelled,2025-10-01T04:31:45.067839Z,,103,광주 북구 18동 707호,2025-10-01T04:31:45.067839Z
ORD_20251020_0452,user_063,confirmed,2025-10-20T04:31:45.067839Z,,54,광주 북구 14동 1618호,2025-10-20T04:31:45.067839Z
ORD_20251006_0453,user_049,delivered,2025-10-06T04:31:45.067839Z,2025-10-09T04:31:45.067839Z,142,대구 달서구 17동 2003호,2025-10-06T04:31:45.067839Z
ORD_20251109_0454,user_070,delivered,2025-11-09T04:31:45.067839Z,2025-11-15T04:31:45.067839Z,728,광주 서구 18동 1455호,2025-11-09T04:31:45.067839Z
ORD_20251114_0455,user_085,delivered,2025-11-14T04:31:45.067839Z,2025-11-17T04:31:45.067839Z,970,대전 중구 13동 2354호,2025-11-14T04:31:45.067839Z
ORD_20251023_0456,user_074,delivered,2025-10-23T04:31:45.067839Z,2025-10-26T04:31:45.067839Z,5847,대전 서구 16동 1905호,2025-10-23T04:31:45.067839Z
ORD_20251106_0457,user_017,shipping,2025-11-06T04:31:45.067839Z,,203,대구 북구 13동 1630호,2025-11-06T04:31:45.067839Z
ORD_20251212_0458,user_076,cancelled,2025-12-12T04:31:45.067839Z,,36,대구 수성구 18동 1805호,2025-12-12T04:31:45.067839Z
ORD_20251218_0459,user_042,delivered,2025-12-18T04:31:45.067839Z,2025-12-23T04:31:45.067839Z,329,울산 남구 17동 2306호,2025-12-18T04:31:45.067839Z
ORD_20251020_0460,user_044,delivered,2025-10-20T04:31:45.067839Z,2025-10-27T04:31:45.067839Z,98,울산 동구 13동 813호,2025-10-20T04:31:45.067839Z
ORD_20251216_0461,user_034,shipping,2025-12-16T04:31:45.067839Z,,413,세종 한솔동 14동 2398호,2025-12-16T04:31:45.067839Z
ORD_20251114_0462,user_084,delivered,2025-11-14T04:31:45.067839Z,2025-11-18T04:31:45.067839Z,935,세종 새롬동 14동 1466호,2025-11-14T04:31:45.067839Z
ORD_20251020_0463,user_074,confirmed,2025-10-20T04:31:45.067839Z,,385,대전 서구 16동 1905호,2025-10-20T04:31:45.067839Z
ORD_20251214_0464,user_041,delivered,2025-12-14T04:31:45.067839Z,2025-12-19T04:31:45.067839Z,380,광주 서구 20동 2195호,2025-12-14T04:31:45.067839Z
ORD_20251219_0465,user_025,confirmed,2025-12-19T04:31:45.067839Z,,84,대구 북구 7동 340호,2025-12-19T04:31:45.067839Z
ORD_20251119_0466,user_004,delivered,2025-11-19T04:31:45.067839Z,2025-11-23T04:31:45.067839Z,256,대전 유성구 15동 2297호,2025-11-19T04:31:45.067839Z
ORD_20251205_0467,user_093,confirmed,2025-12-05T04:31:45.067839Z,,332,세종 한솔동 13동 1682호,2025-12-05T04:31:45.067839Z
ORD_20251204_0468,user_028,confirmed,2025-12-04T04:31:45.067839Z,,2738,광주 광산구 9동 1722호,2025-12-04T04:31:45.067839Z
ORD_20251208_0469,user_090,shipping,2025-12-08T04:31:45.067839Z,,1965,인천 계양구 7동 2556호,2025-12-08T04:31:45.067839Z
ORD_20250929_0470,user_095,delivered,2025-09-29T04:31:45.067839Z,2025-10-01T04:31:45.067839Z,520,대전 서구 20동 1729호,2025-09-29T04:31:45.067839Z
ORD_20251027_0471,user_031,shipping,2025-10-27T04:31:45.067839Z,,1283,대전 중구 4동 651호,2025-10-27T04:31:45.067839Z
ORD_20251212_0472,user_036,delivered,2025-12-12T04:31:45.067839Z,2025-12-17T04:31:45.067839Z,4381,대구 달서구 4동 1549호,2025-12-12T04:31:45.067839Z
ORD_20251013_0473,user_094,delivered,2025-10-13T04:31:45.067839Z,2025-10-18T04:31:45.067839Z,171,세종 아름동 17동 1972호,2025-10-13T04:31:45.067839Z
ORD_20251127_0474,user_052,delivered,2025-11-27T04:31:45.067839Z,2025-12-01T04:31:45.067839Z,871,대구 북구 15동 418호,2025-11-27T04:31:45.067839Z
ORD_20250926_0475,user_023,delivered,2025-09-26T04:31:45.067839Z,2025-09-30T04:31:45.067839Z,716,서울 강남구 3동 1069호,2025-09-26T04:31:45.067839Z
ORD_20251012_0476,user_003,delivered,2025-10-12T04:31:45.067839Z,2025-10-19T04:31:45.067839Z,29,광주 서구 5동 982호,2025-10-12T04:31:45.067839Z
ORD_20251119_0477,user_077,confirmed,2025-11-19T04:31:45.067839Z,,131,대전 중구 20동 347호,2025-11-19T04:31:45.067839Z
ORD_20251126_0478,user_029,confirmed,2025-11-26T04:31:45.067839Z,,117,세종 한솔동 19동 510호,2025-11-26T04:31:45.067839Z
ORD_20251031_0479,user_024,delivered,2025-10-31T04:31:45.067839Z,2025-11-02T04:31:45.067839Z,264,인천 계양구 1동 1700호,2025-10-31T04:31:45.067839Z
ORD_20251111_0480,user_018,cancelled,2025-11-11T04:31:45.067839Z,,264,광주 광산구 19동 2369호,2025-11-11T04:31:45.067839Z
ORD_20251006_0481,user_046,cancelled,2025-10-06T04:31:45.067839Z,,200,인천 남동구 10동 2212호,2025-10-06T04:31:45.067839Z
ORD_20251020_0482,user_065,cancelled,2025-10-20T04:31:45.067839Z,,886,세종 새롬동 14동 2527호,2025-10-20T04:31:45.067839Z
ORD_20251106_0483,user_096,cancelled,2025-11-06T04:31:45.067839Z,,94,세종 한솔동 2동 381호,2025-11-06T04:31:45.067839Z
ORD_20251128_0484,user_007,confirmed,2025-11-28T04:31:45.067839Z,,97,대구 달서구 15동 1655호,2025-11-28T04:31:45.067839Z
ORD_20251217_0485,user_064,shipping,2025-12-17T04:31:45.067839Z,,2069,부산 동래구 12동 1984호,2025-12-17T04:31:45.067839Z
ORD_20250929_0486,user_073,delivered,2025-09-29T04:31:45.067839Z,2025-10-05T04:31:45.067839Z,26,대전 유성구 2동 2367호,2025-09-29T04:31:45.067839Z
ORD_20251219_0487,user_043,shipping,2025-12-19T04:31:45.067839Z,,34,대전 중구 10동 1773호,2025-12-19T04:31:45.067839Z
ORD_20251025_0488,user_011,delivered,2025-10-25T04:31:45.067839Z,2025-11-01T04:31:45.067839Z,471,인천 연수구 14동 2543호,2025-10-25T04:31:45.067839Z
ORD_20251216_0489,user_028,delivered,2025-12-16T04:31:45.067839Z,2025-12-20T04:31:45.067839Z,1162,광주 광산구 9동 1722호,2025-12-16T04:31:45.067839Z
ORD_20251126_0490,user_003,confirmed,2025-11-26T04:31:45.067839Z,,338,광주 서구 5동 982호,2025-11-26T04:31:45.067839Z
ORD_20251127_0491,user_066,delivered,2025-11-27T04:31:45.067839Z,2025-12-02T04:31:45.067839Z,1836,대구 중구 19동 1653호,2025-11-27T04:31:45.067839Z
ORD_20251024_0492,user_044,delivered,2025-10-24T04:31:45.067839Z,2025-10-31T04:31:45.067839Z,156,울산 동구 13동 813호,2025-10-24T04:31:45.067839Z
ORD_20251206_0493,user_020,delivered,2025-12-06T04:31:45.067839Z,2025-12-10T04:31:45.067839Z,214,세종 아름동 16동 1768호,2025-12-06T04:31:45.067839Z
ORD_20251029_0494,user_066,shipping,2025-10-29T04:31:45.067839Z,,202,대구 중구 19동 1653호,2025-10-29T04:31:45.067839Z
ORD_20251212_0495,user_006,shipping,2025-12-12T04:31:45.067839Z,,246,광주 광산구 12동 1556호,2025-12-12T04:31:45.067839Z
ORD_20251006_0496,user_096,shipping,2025-10-06T04:31:45.067839Z,,103,세종 한솔동 2동 381호,2025-10-06T04:31:45.067839Z
ORD_20251201_0497,user_002,delivered,2025-12-01T04:31:45.067839Z,2025-12-06T04:31:45.067839Z,176,서울 마포구 18동 1819호,2025-12-01T04:31:45.067839Z
ORD_20251128_0498,user_090,delivered,2025-11-28T04:31:45.067839Z,2025-12-01T04:31:45.067839Z,46,인천 계양구 7동 2556호,2025-11-28T04:31:45.067839Z
ORD_20251203_0499,user_022,delivered,2025-12-03T04:31:45.067839Z,2025-12-08T04:31:45.067839Z,3783,대구 중구 5동 1829호,2025-12-03T04:31:45.067839Z
ORD_20251028_0500,user_081,cancelled,2025-10-28T04:31:45.067839Z,,2000,세종 아름동 15동 1346호,2025-10-28T04:31:45.067839Z
